{"name":"23e67c52-fccb-44b6-9446-8b0c7113c8ab","id":"/providers/Microsoft.Flow/flows/23e67c52-fccb-44b6-9446-8b0c7113c8ab","type":"Microsoft.Flow/flows","properties":{"apiId":"/providers/Microsoft.PowerApps/apis/shared_logicflows","displayName":"Flow1_QueueCreator_PROD","definition":{"metadata":{"workflowEntityId":null,"processAdvisorMetadata":null,"flowChargedByPaygo":null,"flowclientsuspensionreason":"None","flowclientsuspensiontime":null,"flowclientsuspensionreasondetails":null,"creator":{"id":"3882eb28-005d-4948-a668-81263d778f6d","type":"User","tenantId":"7808e005-1489-4374-954b-d3b08f193920"},"provisioningMethod":"FromDefinition","failureAlertSubscription":true,"clientLastModifiedTime":"2025-12-26T08:16:39.4227832Z","connectionKeySavedTimeKey":"2025-12-26T08:16:39.4227832Z","creationSource":null,"modifiedSources":"Portal"},"$schema":"https://schema.management.azure.com/providers/Microsoft.Logic/schemas/2016-06-01/workflowdefinition.json#","contentVersion":"undefined","parameters":{"$authentication":{"defaultValue":{},"type":"SecureObject"},"$connections":{"defaultValue":{},"type":"Object"}},"triggers":{"Recurrence":{"recurrence":{"frequency":"Week","interval":1,"timeZone":"E. South America Standard Time","schedule":{"weekDays":["Tuesday","Friday"],"hours":["16"],"minutes":[0]}},"evaluatedRecurrence":{"frequency":"Week","interval":1,"timeZone":"E. South America Standard Time","schedule":{"weekDays":["Tuesday","Friday"],"hours":["16"],"minutes":[0]}},"metadata":{"operationMetadataId":"ebb68017-3a45-4327-839f-a2a1a4111458"},"type":"Recurrence"}},"actions":{"Inicializar_variável":{"runAfter":{},"type":"InitializeVariable","inputs":{"variables":[{"name":"varCardTypeId","type":"string","value":"status_report_v2"}]}},"Inicializar_variável_1":{"runAfter":{"Inicializar_variável":["Succeeded"]},"type":"InitializeVariable","inputs":{"variables":[{"name":"varSemanaRef","type":"string","value":"@concat(string(add(div(sub(dayOfYear(addDays(convertTimeZone(utcNow(),'UTC','E. South America Standard Time'), sub(4, if(equals(dayOfWeek(convertTimeZone(utcNow(),'UTC','E. South America Standard Time')),0),7,dayOfWeek(convertTimeZone(utcNow(),'UTC','E. South America Standard Time')))))),1),7),1)),'/',formatDateTime(addDays(convertTimeZone(utcNow(),'UTC','E. South America Standard Time'), sub(4, if(equals(dayOfWeek(convertTimeZone(utcNow(),'UTC','E. South America Standard Time')),0),7,dayOfWeek(convertTimeZone(utcNow(),'UTC','E. South America Standard Time'))))),'yyyy'))"}]}},"Inicializar_variável_versao":{"runAfter":{"Inicializar_variável_1":["Succeeded"]},"type":"InitializeVariable","inputs":{"variables":[{"name":"varVersaoAlvo","type":"integer","value":"@if(equals(dayOfWeek(convertTimeZone(utcNow(),'UTC','E. South America Standard Time')),5),2,1)"}]}},"Obter_itens":{"runAfter":{"Inicializar_variável_versao":["Succeeded"]},"type":"OpenApiConnection","inputs":{"parameters":{"dataset":"https://indra365.sharepoint.com/sites/Grp_T_DN_Arquitetura_Solucoes_Multi_Praticas_QA","table":"ARQs_Teams","$filter":"Status eq 'Ativo'"},"host":{"apiId":"/providers/Microsoft.PowerApps/apis/shared_sharepointonline","connectionName":"shared_sharepointonline","operationId":"GetItems"},"authentication":"@parameters('$authentication')"}},"Aplicar_a_cada":{"foreach":"@outputs('Obter_itens')?['body/value']","actions":{"Obter_itens_1":{"metadata":{"flowSystemMetadata":{"portalOperationIconOverride":"https://conn-afd-prod-endpoint-bmc9bqahasf3grgk.b01.azurefd.net/v1.0.1769/1.0.1769.4352/sharepointonline/icon.png","portalOperationBrandColorOverride":"","portalOperationId":"/providers/Microsoft.PowerApps/apis/shared_sharepointonline/apiOperations/GetItems"}},"type":"OpenApiConnection","inputs":{"parameters":{"dataset":"https://indra365.sharepoint.com/sites/Grp_T_DN_Arquitetura_Solucoes_Multi_Praticas_QA","table":"6db5a12d-595d-4a1a-aca1-035837613815","$filter":"@concat('Assignee eq ''', toLower(trim(coalesce(items('Aplicar_a_cada')?['Login'], first(split(trim(coalesce(items('Aplicar_a_cada')?['field_3'], items('Aplicar_a_cada')?['E_x002d_mail'], items('Aplicar_a_cada')?['Email'], '')),'@'))))), ''' and ((SemanaReport ne ''', variables('varSemanaRef'), ''' or SemanaReport eq null) or (VersaoReport lt ', string(variables('varVersaoAlvo')), ' or VersaoReport eq null)) and Status ne ''Won'' and Status ne ''Won-End'' and Status ne ''Lost'' and Status ne ''Rejected'' and Status ne ''Cancelled'' and Status ne ''Abandoned''')"},"host":{"apiId":"/providers/Microsoft.PowerApps/apis/shared_sharepointonline","connectionName":"shared_sharepointonline","operationId":"GetItems"},"authentication":"@parameters('$authentication')"}},"Aplicar_a_cada_2":{"runAfter":{"Obter_itens_1":["Succeeded"]},"foreach":"@outputs('Obter_itens_1')?['body/value']","actions":{"Obter_itens_fila_existente":{"type":"OpenApiConnection","inputs":{"parameters":{"dataset":"https://indra365.sharepoint.com/sites/Grp_T_DN_Arquitetura_Solucoes_Multi_Praticas_QA","table":"StatusReports_Queue_TEST","$filter":"@concat('OfertaId eq ', string(int(coalesce(items('Aplicar_a_cada_2')?['ID'], items('Aplicar_a_cada_2')?['Id'], 0))), ' and Semana eq ''', variables('varSemanaRef'), '''', ' and RecipientEmail eq ''', toLower(trim(coalesce(items('Aplicar_a_cada')?['field_3'], items('Aplicar_a_cada')?['E_x002d_mail'], items('Aplicar_a_cada')?['Email'], ''))), '''', ' and (QueueStatus eq ''Pending'' or QueueStatus eq ''Sent'')')","$top":1},"host":{"apiId":"/providers/Microsoft.PowerApps/apis/shared_sharepointonline","connectionName":"shared_sharepointonline","operationId":"GetItems"},"authentication":"@parameters('$authentication')"},"runAfter":{}},"Criar_item_se_nao_existe":{"type":"If","expression":{"equals":["@length(outputs('Obter_itens_fila_existente')?['body/value'])",0]},"actions":{"Criar_item_fila":{"type":"OpenApiConnection","inputs":{"parameters":{"dataset":"https://indra365.sharepoint.com/sites/Grp_T_DN_Arquitetura_Solucoes_Multi_Praticas_QA","table":"StatusReports_Queue_TEST","item/Title":"@trim(coalesce(items('Aplicar_a_cada_2')?['Title'], ''))","item/QueueStatus/Value":"Pending","item/RecipientEmail":"@toLower(trim(coalesce(items('Aplicar_a_cada')?['field_3'], items('Aplicar_a_cada')?['E_x002d_mail'], items('Aplicar_a_cada')?['Email'], '')))","item/JiraKey":"@trim(coalesce(items('Aplicar_a_cada_2')?['JiraKey'], ''))","item/OfertaId":"@int(coalesce(items('Aplicar_a_cada_2')?['ID'], items('Aplicar_a_cada_2')?['Id'], 0))","item/Semana":"@variables('varSemanaRef')","item/VersaoReport":"@variables('varVersaoAlvo')","item/UniqueKey":"@concat(trim(coalesce(items('Aplicar_a_cada_2')?['JiraKey'], '')), '|', variables('varSemanaRef'), '|', toLower(trim(coalesce(items('Aplicar_a_cada')?['field_3'], items('Aplicar_a_cada')?['E_x002d_mail'], items('Aplicar_a_cada')?['Email'], ''))))"},"host":{"apiId":"/providers/Microsoft.PowerApps/apis/shared_sharepointonline","connectionName":"shared_sharepointonline","operationId":"PostItem"},"authentication":"@parameters('$authentication')"},"runAfter":{}}},"else":{"actions":{}},"runAfter":{"Obter_itens_fila_existente":["Succeeded"]}}},"type":"Foreach"}},"runAfter":{"Obter_itens":["Succeeded"]},"type":"Foreach"}}},"connectionReferences":{"shared_sharepointonline":{"connectionName":"79ccebc9fde7483684c5d58d10307b70","source":"Embedded","id":"/providers/Microsoft.PowerApps/apis/shared_sharepointonline","tier":"NotSpecified","apiName":"sharepointonline","isProcessSimpleApiReferenceConversionAlreadyDone":false},"shared_teams":{"connectionName":"106db2ea6a3e4d44aeadb5275eb0adc1","source":"Embedded","id":"/providers/Microsoft.PowerApps/apis/shared_teams","tier":"NotSpecified","apiName":"teams","isProcessSimpleApiReferenceConversionAlreadyDone":false}},"flowFailureAlertSubscribed":false,"isManaged":false}}