{"name":"1a6a2f29-d722-4227-bdb5-1dc703db1620","id":"/providers/Microsoft.Flow/flows/1a6a2f29-d722-4227-bdb5-1dc703db1620","type":"Microsoft.Flow/flows","properties":{"apiId":"/providers/Microsoft.PowerApps/apis/shared_logicflows","displayName":"Fluxo4_Trigger_PROD","definition":{"metadata":{"workflowEntityId":null,"processAdvisorMetadata":null,"flowChargedByPaygo":null,"flowclientsuspensionreason":"None","flowclientsuspensiontime":null,"flowclientsuspensionreasondetails":null,"creator":{"id":"3882eb28-005d-4948-a668-81263d778f6d","type":"User","tenantId":"7808e005-1489-4374-954b-d3b08f193920"},"provisioningMethod":"FromDefinition","failureAlertSubscription":true,"clientLastModifiedTime":"2025-12-26T09:06:46.0545869Z","connectionKeySavedTimeKey":"2025-12-26T09:06:46.0545869Z","creationSource":null,"modifiedSources":"Portal"},"$schema":"https://schema.management.azure.com/providers/Microsoft.Logic/schemas/2016-06-01/workflowdefinition.json#","contentVersion":"1.0.0.0","parameters":{"$authentication":{"defaultValue":{},"type":"SecureObject"},"$connections":{"defaultValue":{},"type":"Object"}},"triggers":{"Quando_um_arquivo_é_criado_em_uma_pasta_(preterido)":{"recurrence":{"frequency":"Minute","interval":1},"evaluatedRecurrence":{"frequency":"Minute","interval":1},"metadata":{"%252fDocumentos%2bcompartidos":"/Documentos compartidos","%252fSitePages":"/SitePages","%252fDocumentos%2bcompartidos%252fJIRA_Imports":"/Documentos compartidos/JIRA_Imports"},"type":"OpenApiConnection","inputs":{"parameters":{"dataset":"https://indra365.sharepoint.com/sites/Grp_T_DN_Arquitetura_Solucoes_Multi_Praticas_QA","folderId":"%252fDocumentos%2bcompartidos%252fJIRA_Imports"},"host":{"apiId":"/providers/Microsoft.PowerApps/apis/shared_sharepointonline","connectionName":"shared_sharepointonline","operationId":"OnNewFile"},"authentication":"@parameters('$authentication')"}}},"actions":{"Obter_conteúdo_de_arquivo":{"runAfter":{},"type":"OpenApiConnection","inputs":{"parameters":{"dataset":"https://indra365.sharepoint.com/sites/Grp_T_DN_Arquitetura_Solucoes_Multi_Praticas_QA","id":"@triggerOutputs()?['headers/x-ms-file-id']","inferContentType":true},"host":{"apiId":"/providers/Microsoft.PowerApps/apis/shared_sharepointonline","connectionName":"shared_sharepointonline","operationId":"GetFileContent"},"authentication":"@parameters('$authentication')"}},"HTTP":{"runAfter":{"Compor":["Succeeded"]},"type":"Http","inputs":{"uri":"https://func-pipeline-consolidation.azurewebsites.net/api/import-jira?code=<FUNCTION_KEY>","method":"POST","headers":{"Content-Type":"application/json"},"body":{"csv_content":"@outputs('Compor')","arquivo":"importacao.csv"}},"runtimeConfiguration":{"contentTransfer":{"transferMode":"Chunked"}}},"Compor":{"runAfter":{"Obter_conteúdo_de_arquivo":["Succeeded"]},"type":"Compose","inputs":"@base64ToString(outputs('Obter_conteúdo_de_arquivo')?['body']?['$content'])"},"Analisar_JSON":{"runAfter":{"HTTP":["Succeeded"]},"type":"ParseJson","inputs":{"content":"@body('HTTP')","schema":{"type":"object","properties":{"success":{},"ofertas":{"type":"array"},"estatisticas":{"type":"object"}}}}},"Aplicar_a_cada":{"foreach":"@body('Analisar_JSON')?['ofertas']","actions":{"Condição":{"actions":{"Atualizar_item":{"type":"OpenApiConnection","inputs":{"parameters":{"dataset":"https://indra365.sharepoint.com/sites/Grp_T_DN_Arquitetura_Solucoes_Multi_Praticas_QA","table":"6db5a12d-595d-4a1a-aca1-035837613815","id":"@first(body('Obter_itens')?['value'])?['ID']","item/Est_x002e_BudgetInicio":"@if(equals(first(body('Obter_itens')?['value'])?['Est_x002e_BudgetInicio'], null), 0, first(body('Obter_itens')?['value'])?['Est_x002e_BudgetInicio'])","item/Title":"@items('Aplicar_a_cada')?['Titulo']","item/JiraKey":"@items('Aplicar_a_cada')?['JiraKey']","item/Cliente":"@items('Aplicar_a_cada')?['Cliente']","item/Status/Value":"@items('Aplicar_a_cada')?['Status']","item/Mercado/Value":"@items('Aplicar_a_cada')?['Mercado']","item/TipoServico/Value":"@items('Aplicar_a_cada')?['TipoServico']","item/ValorEUR":"@items('Aplicar_a_cada')?['ValorEUR']","item/ValorBRL":"@items('Aplicar_a_cada')?['ValorBRL']","item/Margem":"@items('Aplicar_a_cada')?['Margem']","item/JiraCreated":"@items('Aplicar_a_cada')?['JiraCreated']","item/JiraUpdated":"@items('Aplicar_a_cada')?['JiraUpdated']","item/PrazoProposta":"@items('Aplicar_a_cada')?['PrazoProposta']","item/MarketManager":"@items('Aplicar_a_cada')?['MarketManager']","item/DNManager":"@items('Aplicar_a_cada')?['DNManager']","item/OperationsManager":"@items('Aplicar_a_cada')?['OperationsManager']","item/Assignee":"@items('Aplicar_a_cada')?['Assignee']","item/TipoOportunidade/Value":"@items('Aplicar_a_cada')?['TipoOportunidade']","item/Renewal":"@items('Aplicar_a_cada')?['Renewal']","item/TemporalScope":"@items('Aplicar_a_cada')?['TemporalScope']","item/Observacoes":"@items('Aplicar_a_cada')?['Observacoes']","item/CodigoGEP":"@items('Aplicar_a_cada')?['CodigoGEP']","item/DNRespons_x00e1_vel":"@items('Aplicar_a_cada')?['DNManager']"},"host":{"apiId":"/providers/Microsoft.PowerApps/apis/shared_sharepointonline","connectionName":"shared_sharepointonline","operationId":"PatchItem"},"authentication":"@parameters('$authentication')"}}},"runAfter":{"Obter_itens":["Succeeded"]},"else":{"actions":{"Criar_item":{"type":"OpenApiConnection","inputs":{"parameters":{"dataset":"https://indra365.sharepoint.com/sites/Grp_T_DN_Arquitetura_Solucoes_Multi_Praticas_QA","table":"6db5a12d-595d-4a1a-aca1-035837613815","item/Est_x002e_BudgetInicio":0,"item/Title":"@items('Aplicar_a_cada')?['Titulo']","item/JiraKey":"@items('Aplicar_a_cada')?['JiraKey']","item/Cliente":"@items('Aplicar_a_cada')?['Cliente']","item/Status/Value":"@items('Aplicar_a_cada')?['Status']","item/Mercado/Value":"@items('Aplicar_a_cada')?['Mercado']","item/TipoServico/Value":"@items('Aplicar_a_cada')?['TipoServico']","item/ValorEUR":"@items('Aplicar_a_cada')?['ValorEUR']","item/ValorBRL":"@items('Aplicar_a_cada')?['ValorBRL']","item/Margem":"@items('Aplicar_a_cada')?['Margem']","item/JiraCreated":"@items('Aplicar_a_cada')?['JiraCreated']","item/JiraUpdated":"@items('Aplicar_a_cada')?['JiraUpdated']","item/PrazoProposta":"@items('Aplicar_a_cada')?['PrazoProposta']","item/MarketManager":"@items('Aplicar_a_cada')?['MarketManager']","item/DNManager":"@items('Aplicar_a_cada')?['DNManager']","item/OperationsManager":"@items('Aplicar_a_cada')?['OperationsManager']","item/Assignee":"@items('Aplicar_a_cada')?['Assignee']","item/TipoOportunidade/Value":"@items('Aplicar_a_cada')?['TipoOportunidade']","item/Renewal":false,"item/TemporalScope":"@items('Aplicar_a_cada')?['TemporalScope']","item/Observacoes":"@items('Aplicar_a_cada')?['Observacoes']","item/CodigoGEP":"@items('Aplicar_a_cada')?['CodigoGEP']","item/DNRespons_x00e1_vel":"@items('Aplicar_a_cada')?['DNManager']"},"host":{"apiId":"/providers/Microsoft.PowerApps/apis/shared_sharepointonline","connectionName":"shared_sharepointonline","operationId":"PostItem"},"authentication":"@parameters('$authentication')"}}}},"expression":{"and":[{"greater":["@length(body('Obter_itens')?['value'])",0]}]},"type":"If"},"Obter_itens":{"type":"OpenApiConnection","inputs":{"parameters":{"dataset":"https://indra365.sharepoint.com/sites/Grp_T_DN_Arquitetura_Solucoes_Multi_Praticas_QA","table":"6db5a12d-595d-4a1a-aca1-035837613815","$filter":"@concat('JiraKey eq ''', items('Aplicar_a_cada')?['JiraKey'], '''')","$top":1},"host":{"apiId":"/providers/Microsoft.PowerApps/apis/shared_sharepointonline","connectionName":"shared_sharepointonline","operationId":"GetItems"},"authentication":"@parameters('$authentication')"}}},"runAfter":{"Analisar_JSON":["Succeeded"]},"type":"Foreach","runtimeConfiguration":{"concurrency":{"repetitions":50}}}},"outputs":{}},"connectionReferences":{"shared_sharepointonline":{"connectionName":"79ccebc9fde7483684c5d58d10307b70","source":"Embedded","id":"/providers/Microsoft.PowerApps/apis/shared_sharepointonline","tier":"NotSpecified","apiName":"sharepointonline","isProcessSimpleApiReferenceConversionAlreadyDone":false},"shared_teams-1":{"connectionName":"106db2ea6a3e4d44aeadb5275eb0adc1","source":"Embedded","id":"/providers/Microsoft.PowerApps/apis/shared_teams","tier":"NotSpecified","apiName":"teams","isProcessSimpleApiReferenceConversionAlreadyDone":false}},"flowFailureAlertSubscribed":false,"isManaged":false}}