{"name":"23e67c52-fccb-44b6-9446-8b0c7113c8ab","id":"/providers/Microsoft.Flow/flows/23e67c52-fccb-44b6-9446-8b0c7113c8ab","type":"Microsoft.Flow/flows","properties":{"apiId":"/providers/Microsoft.PowerApps/apis/shared_logicflows","displayName":"Fluxo1_Trigger_PROD","definition":{"metadata":{"workflowEntityId":null,"processAdvisorMetadata":null,"flowChargedByPaygo":null,"flowclientsuspensionreason":"None","flowclientsuspensiontime":null,"flowclientsuspensionreasondetails":null,"creator":{"id":"3882eb28-005d-4948-a668-81263d778f6d","type":"User","tenantId":"7808e005-1489-4374-954b-d3b08f193920"},"provisioningMethod":"FromDefinition","failureAlertSubscription":true,"clientLastModifiedTime":"2025-12-26T08:16:39.4227832Z","connectionKeySavedTimeKey":"2025-12-26T08:16:39.4227832Z","creationSource":null,"modifiedSources":"Portal"},"$schema":"https://schema.management.azure.com/providers/Microsoft.Logic/schemas/2016-06-01/workflowdefinition.json#","contentVersion":"undefined","parameters":{"$authentication":{"defaultValue":{},"type":"SecureObject"},"$connections":{"defaultValue":{},"type":"Object"}},"triggers":{"Recurrence":{"recurrence":{"frequency":"Week","interval":1,"timeZone":"E. South America Standard Time","schedule":{"weekDays":["Tuesday","Friday"],"hours":["16"],"minutes":[0]}},"evaluatedRecurrence":{"frequency":"Week","interval":1,"timeZone":"E. South America Standard Time","schedule":{"weekDays":["Tuesday","Friday"],"hours":["16"],"minutes":[0]}},"metadata":{"operationMetadataId":"ebb68017-3a45-4327-839f-a2a1a4111458"},"type":"Recurrence"}},"actions":{"Inicializar_variável":{"runAfter":{},"type":"InitializeVariable","inputs":{"variables":[{"name":"varCardTypeId","type":"string","value":"status_report_v2"}]}},"Inicializar_variável_1":{"runAfter":{"Inicializar_variável":["Succeeded"]},"type":"InitializeVariable","inputs":{"variables":[{"name":"varSemanaRef","type":"string","value":"@concat(string(add(div(sub(dayOfYear(addDays(convertTimeZone(utcNow(),'UTC','E. South America Standard Time'), sub(4, if(equals(dayOfWeek(convertTimeZone(utcNow(),'UTC','E. South America Standard Time')),0),7,dayOfWeek(convertTimeZone(utcNow(),'UTC','E. South America Standard Time')))))),1),7),1)),'/',formatDateTime(addDays(convertTimeZone(utcNow(),'UTC','E. South America Standard Time'), sub(4, if(equals(dayOfWeek(convertTimeZone(utcNow(),'UTC','E. South America Standard Time')),0),7,dayOfWeek(convertTimeZone(utcNow(),'UTC','E. South America Standard Time'))))),'yyyy'))"}]}},"Inicializar_variável_versao":{"runAfter":{"Inicializar_variável_1":["Succeeded"]},"type":"InitializeVariable","inputs":{"variables":[{"name":"varVersaoAlvo","type":"integer","value":"@if(equals(dayOfWeek(convertTimeZone(utcNow(),'UTC','E. South America Standard Time')),5),2,1)"}]}},"Obter_itens":{"runAfter":{"Inicializar_variável_versao":["Succeeded"]},"type":"OpenApiConnection","inputs":{"parameters":{"dataset":"https://indra365.sharepoint.com/sites/Grp_T_DN_Arquitetura_Solucoes_Multi_Praticas_QA","table":"ARQs_Teams","$filter":"Status eq 'Ativo'"},"host":{"apiId":"/providers/Microsoft.PowerApps/apis/shared_sharepointonline","connectionName":"shared_sharepointonline","operationId":"GetItems"},"authentication":"@parameters('$authentication')"}},"Aplicar_a_cada":{"foreach":"@outputs('Obter_itens')?['body/value']","actions":{"Obter_itens_1":{"metadata":{"flowSystemMetadata":{"portalOperationIconOverride":"https://conn-afd-prod-endpoint-bmc9bqahasf3grgk.b01.azurefd.net/v1.0.1769/1.0.1769.4352/sharepointonline/icon.png","portalOperationBrandColorOverride":"","portalOperationId":"/providers/Microsoft.PowerApps/apis/shared_sharepointonline/apiOperations/GetItems"}},"type":"OpenApiConnection","inputs":{"parameters":{"dataset":"https://indra365.sharepoint.com/sites/Grp_T_DN_Arquitetura_Solucoes_Multi_Praticas_QA","table":"6db5a12d-595d-4a1a-aca1-035837613815","$filter":"@concat('Assignee eq ''', toLower(trim(coalesce(items('Aplicar_a_cada')?['Login'], first(split(trim(coalesce(items('Aplicar_a_cada')?['field_3'], items('Aplicar_a_cada')?['E_x002d_mail'], items('Aplicar_a_cada')?['Email'], '')),'@'))))), ''' and ((SemanaReport ne ''', variables('varSemanaRef'), ''' or SemanaReport eq null) or (VersaoReport lt ', string(variables('varVersaoAlvo')), ' or VersaoReport eq null)) and Status ne ''Won'' and Status ne ''Won-End'' and Status ne ''Lost'' and Status ne ''Rejected'' and Status ne ''Cancelled'' and Status ne ''Abandoned''')"},"host":{"apiId":"/providers/Microsoft.PowerApps/apis/shared_sharepointonline","connectionName":"shared_sharepointonline","operationId":"GetItems"},"authentication":"@parameters('$authentication')"}},"Aplicar_a_cada_2":{"runAfter":{"Obter_itens_1":["Succeeded"]},"foreach":"@outputs('Obter_itens_1')?['body/value']","actions":{"Compor_Card":{"runAfter":{},"type":"Compose","inputs":{"$schema":"http://adaptivecards.io/schemas/adaptive-card.json","type":"AdaptiveCard","version":"1.4","body":[{"type":"Container","style":"emphasis","bleed":true,"items":[{"type":"ColumnSet","columns":[{"type":"Column","width":"auto","verticalContentAlignment":"Center","items":[{"type":"Image","url":"https://img.icons8.com/fluency/48/combo-chart.png","size":"Small","altText":"Logo"}]},{"type":"Column","width":"stretch","items":[{"type":"TextBlock","text":"Status Report Semanal","size":"Small","weight":"Bolder","isSubtle":true,"wrap":true},{"type":"TextBlock","text":"@trim(coalesce(items('Aplicar_a_cada_2')?['Title'], ''))","size":"Large","weight":"Bolder","wrap":true},{"type":"TextBlock","text":"@concat('Oferta ', trim(coalesce(items('Aplicar_a_cada_2')?['JiraKey'], '')))","spacing":"None","size":"Small","isSubtle":true,"wrap":true}]},{"type":"Column","width":"auto","horizontalAlignment":"Right","items":[{"type":"TextBlock","text":"@concat('Week ', variables('varSemanaRef'))","weight":"Bolder","size":"Medium","wrap":true,"horizontalAlignment":"Right"},{"type":"TextBlock","text":"@formatDateTime(convertTimeZone(utcNow(),'UTC','E. South America Standard Time'),'dd/MM/yyyy HH:mm')","spacing":"None","size":"Medium","isSubtle":true,"wrap":true,"horizontalAlignment":"Right"}],"verticalContentAlignment":"Center"}]}]},{"type":"ColumnSet","columns":[{"type":"Column","width":"stretch","items":[],"verticalContentAlignment":"Center"},{"type":"Column","width":"auto","items":[{"type":"TextBlock","text":"Status","wrap":true,"size":"Medium","isSubtle":true},{"type":"TextBlock","text":"@trim(coalesce(items('Aplicar_a_cada_2')?['Status']?['Value'], items('Aplicar_a_cada_2')?['Status'], ''))","color":"@if(or(equals(toLower(coalesce(items('Aplicar_a_cada_2')?['Status']?['Value'], items('Aplicar_a_cada_2')?['Status'], '')),'won'),equals(toLower(coalesce(items('Aplicar_a_cada_2')?['Status']?['Value'], items('Aplicar_a_cada_2')?['Status'], '')),'gained')),'Good',if(or(equals(toLower(coalesce(items('Aplicar_a_cada_2')?['Status']?['Value'], items('Aplicar_a_cada_2')?['Status'], '')),'lost'),equals(toLower(coalesce(items('Aplicar_a_cada_2')?['Status']?['Value'], items('Aplicar_a_cada_2')?['Status'], '')),'cancelled'),equals(toLower(coalesce(items('Aplicar_a_cada_2')?['Status']?['Value'], items('Aplicar_a_cada_2')?['Status'], '')),'cancelada')),'Attention','Accent'))","spacing":"None","size":"Medium","weight":"Bolder","wrap":true}],"spacing":"Small"},{"type":"Column","width":"auto","separator":true,"items":[{"type":"TextBlock","text":"Margem","size":"Medium","isSubtle":true,"wrap":true},{"type":"TextBlock","text":"@concat(formatNumber(if(lessOrEquals(float(coalesce(items('Aplicar_a_cada_2')?['Margem'],0)),1),mul(float(coalesce(items('Aplicar_a_cada_2')?['Margem'],0)),100),float(coalesce(items('Aplicar_a_cada_2')?['Margem'],0))),'0.##'),'%')","wrap":true,"weight":"Bolder","spacing":"None","size":"Medium"}]}]},{"type":"FactSet","separator":true,"spacing":"Medium","facts":[{"title":"Cliente:","value":"@trim(coalesce(items('Aplicar_a_cada_2')?['Cliente'], ''))"},{"title":"Valor (€):","value":"@if(equals(coalesce(items('Aplicar_a_cada_2')?['ValorEUR'],''),''),'-',concat('€ ', formatNumber(float(coalesce(items('Aplicar_a_cada_2')?['ValorEUR'],0)),'0.00')))"},{"title":"Valor (R$):","value":"@if(equals(coalesce(items('Aplicar_a_cada_2')?['ValorBRL'],''),''),'-',concat('R$ ', formatNumber(float(coalesce(items('Aplicar_a_cada_2')?['ValorBRL'],0)),'0.00')))"},{"title":"Mercado:","value":"@trim(coalesce(items('Aplicar_a_cada_2')?['Mercado']?['Value'], items('Aplicar_a_cada_2')?['Mercado'], ''))"},{"title":"Semana:","value":"@variables('varSemanaRef')"},{"title":"Budget:","value":"@concat(string(coalesce(items('Aplicar_a_cada_2')?['Est_x002e_BudgetInicio'], items('Aplicar_a_cada_2')?['BudgetAlocado'], 0)), 'h alocadas | ', string(coalesce(items('Aplicar_a_cada_2')?['BudgetConsumido'], 0)), 'h consumidas (', formatNumber(if(lessOrEquals(float(coalesce(items('Aplicar_a_cada_2')?['BudgetPercentual'],0)),1),mul(float(coalesce(items('Aplicar_a_cada_2')?['BudgetPercentual'],0)),100),float(coalesce(items('Aplicar_a_cada_2')?['BudgetPercentual'],0))),'0.##'), '%)')"}]},{"type":"ColumnSet","separator":true,"spacing":"Medium","columns":[{"type":"Column","width":"auto","verticalContentAlignment":"Center","items":[{"type":"Image","url":"@concat('https://indra365.sharepoint.com/_layouts/15/userphoto.aspx?size=S&accountname=', uriComponent(coalesce(coalesce(coalesce(coalesce(coalesce(coalesce(coalesce(coalesce(coalesce(coalesce(coalesce(coalesce(coalesce(coalesce(coalesce(coalesce(items('Aplicar_a_cada')?['field_3'], items('Aplicar_a_cada')?['E_x002d_mail']), items('Aplicar_a_cada')?['E_x002d_mail']), items('Aplicar_a_cada')?['E_x002d_mail']), items('Aplicar_a_cada')?['E_x002d_mail']), items('Aplicar_a_cada')?['E_x002d_mail']), items('Aplicar_a_cada')?['E_x002d_mail']), items('Aplicar_a_cada')?['E_x002d_mail']), items('Aplicar_a_cada')?['E_x002d_mail']), items('Aplicar_a_cada')?['E_x002d_mail']), items('Aplicar_a_cada')?['E_x002d_mail']), items('Aplicar_a_cada')?['E_x002d_mail']), items('Aplicar_a_cada')?['E_x002d_mail']), items('Aplicar_a_cada')?['E_x002d_mail']), items('Aplicar_a_cada')?['E_x002d_mail']), items('Aplicar_a_cada')?['E_x002d_mail']), items('Aplicar_a_cada')?['E_x002d_mail'])))","style":"Person","size":"Small"}]},{"type":"Column","width":"stretch","items":[{"type":"TextBlock","text":"@trim(coalesce(items('Aplicar_a_cada')?['field_1'], ''))","wrap":true,"weight":"Default"},{"type":"TextBlock","text":"Arquiteto Responsável","wrap":true,"spacing":"None","size":"Small","isSubtle":true}],"verticalContentAlignment":"Center","spacing":"Small"}]},{"type":"Container","separator":true,"spacing":"Large","style":"emphasis","items":[{"type":"TextBlock","text":"📝 Status Report Semanal","weight":"Bolder","size":"Medium","color":"Accent"},{"type":"TextBlock","text":"Por favor, atualize o status desta oferta:","wrap":true,"size":"Small","isSubtle":true},{"type":"Input.ChoiceSet","id":"status_projeto","label":"🚦 Status do Projeto","style":"expanded","isRequired":true,"errorMessage":"Selecione o status do projeto","choices":[{"title":"🟢 Verde - Sem problemas","value":"Verde"},{"title":"🟡 Amarelo - Atenção necessária","value":"Amarelo"},{"title":"🔴 Vermelho - Crítico (requer observação)","value":"Vermelho"}]},{"type":"Input.ChoiceSet","id":"status_atual","label":"Status Atual da Oferta","style":"compact","isRequired":true,"errorMessage":"Selecione o status","choices":[{"title":"🔵 Em Análise","value":"em_analise"},{"title":"🛠️ Em Desenvolvimento","value":"em_desenvolvimento"},{"title":"📤 Proposta Enviada","value":"enviada"},{"title":"🤝 Em Negociação","value":"negociacao"},{"title":"✅ Ganha (WON)","value":"won"},{"title":"❌ Perdida (LOST)","value":"lost"},{"title":"⏸️ Pausada","value":"pausada"}]},{"type":"Input.ChoiceSet","id":"tipo_demanda","label":"Tipo da oportunidade (RFP/RFI/RFQ/Oferta)","style":"expanded","isRequired":true,"errorMessage":"Selecione o tipo da oportunidade","choices":[{"title":"Oferta (regular)","value":"Oferta"},{"title":"RFI","value":"RFI"},{"title":"RFQ","value":"RFQ"},{"title":"RFP","value":"RFP"}]},{"type":"Input.Text","id":"rfp_relacionada","label":"RFP relacionada (obrigatório se RFI/RFQ)","placeholder":"Informe a futura RFP relacionada (ex.: chave JIRA, link ou ID)...","isMultiline":false,"maxLength":255},{"type":"Input.ChoiceSet","id":"probabilidade_ganho","label":"Probabilidade de Ganho","style":"compact","choices":[{"title":"25%","value":"25"},{"title":"50%","value":"50"},{"title":"75%","value":"75"},{"title":"100%","value":"100"}]},{"type":"Input.Toggle","id":"reuniao_cliente","title":"Houve reunião com cliente esta semana?","value":"false","valueOn":"true","valueOff":"false"},{"type":"Input.ChoiceSet","id":"reuniao_tipo","label":"Tipo de reunião (se marcou reunião)","style":"expanded","choices":[{"title":"Presencial","value":"Presencial"},{"title":"Remoto","value":"Remoto"}]},{"type":"Input.Toggle","id":"proposta_atualizada","title":"Proposta foi atualizada esta semana?","value":"false","valueOn":"true","valueOff":"false"},{"type":"Input.Toggle","id":"bloqueio_existente","title":"Existe algum bloqueio ou impedimento?","value":"false","valueOn":"true","valueOff":"false"},{"type":"Input.Date","id":"previsao_fechamento","label":"📅 Previsão de Fechamento"},{"type":"Input.Number","id":"budget_consumido_percentual","label":"% Budget Consumido (estimado)","placeholder":"Ex: 45","min":0,"max":100},{"type":"Input.Text","id":"observacoes","label":"⚠️ Observações (pré-preenchido do JIRA; OBRIGATÓRIO se status Vermelho)","placeholder":"Edite/complete as observações (JIRA + complemento semanal)...","isMultiline":true,"maxLength":1000,"value":"@trim(coalesce(items('Aplicar_a_cada_2')?['Observacoes'], ''))"}]},{"type":"Container","separator":true,"spacing":"Medium","style":"emphasis","items":[{"type":"ColumnSet","columns":[{"type":"Column","width":"stretch","items":[{"type":"TextBlock","text":"Risks & Opportunities","weight":"Bolder","size":"Medium","wrap":true}]},{"type":"Column","width":"auto","items":[{"type":"ActionSet","actions":[{"type":"Action.ToggleVisibility","title":"Abrir / Editar","targetElements":["riscos_body"]}]}],"verticalContentAlignment":"Center"}]},{"type":"Container","id":"riscos_body","isVisible":false,"items":[{"type":"Input.Text","id":"riscos_oportunidades","label":"⚠️ Riscos & Oportunidades","placeholder":"Liste riscos principais e oportunidades (curto e objetivo)...","isMultiline":true,"maxLength":1000}]}]},{"type":"Container","separator":true,"spacing":"Medium","style":"emphasis","items":[{"type":"ColumnSet","columns":[{"type":"Column","width":"stretch","items":[{"type":"TextBlock","text":"Decision / Ask","weight":"Bolder","size":"Medium","wrap":true}]},{"type":"Column","width":"auto","items":[{"type":"ActionSet","actions":[{"type":"Action.ToggleVisibility","title":"Abrir / Editar","targetElements":["decisao_body"]}]}],"verticalContentAlignment":"Center"}]},{"type":"Container","id":"decisao_body","isVisible":false,"items":[{"type":"Input.Text","id":"decisao_ask","label":"✅ Decisão / Ask","placeholder":"Ex: Aprovar X, desbloquear Y, priorizar Z...","isMultiline":true,"maxLength":1000}]}]}],"actions":[{"type":"Action.Submit","title":"📤 Enviar Status Report","style":"positive","data":{"action":"submit_status","jirakey":"@trim(coalesce(items('Aplicar_a_cada_2')?['JiraKey'], ''))","oferta_id":"@string(coalesce(items('Aplicar_a_cada_2')?['ID'], items('Aplicar_a_cada_2')?['Id'], ''))","semana":"@variables('varSemanaRef')","arquiteto_email":"@toLower(trim(coalesce(items('Aplicar_a_cada')?['field_3'], items('Aplicar_a_cada')?['E_x002d_mail'], items('Aplicar_a_cada')?['Email'], '')))","cardTypeId":"@variables('varCardTypeId')","arquiteto_nome":"@trim(coalesce(items('Aplicar_a_cada')?['field_1'], ''))","oferta_titulo":"@trim(coalesce(items('Aplicar_a_cada_2')?['Title'], ''))","versao_report":"@string(variables('varVersaoAlvo'))"}}],"msteams":{"width":"Full","cardTypeId":"@variables('varCardTypeId')"}}},"Postar_cartão_em_um_chat_ou_canal":{"runAfter":{"Compor_Card":["Succeeded"]},"type":"OpenApiConnection","inputs":{"parameters":{"poster":"Flow bot","location":"Chat with Flow bot","body/recipient":"@toLower(trim(coalesce(items('Aplicar_a_cada')?['field_3'], items('Aplicar_a_cada')?['E_x002d_mail'], items('Aplicar_a_cada')?['Email'], '')))","body/messageBody":"@string(outputs('Compor_Card'))"},"host":{"apiId":"/providers/Microsoft.PowerApps/apis/shared_teams","connectionName":"shared_teams","operationId":"PostCardToConversation"},"authentication":"@parameters('$authentication')"}}},"type":"Foreach"}},"runAfter":{"Obter_itens":["Succeeded"]},"type":"Foreach"}}},"connectionReferences":{"shared_sharepointonline":{"connectionName":"79ccebc9fde7483684c5d58d10307b70","source":"Embedded","id":"/providers/Microsoft.PowerApps/apis/shared_sharepointonline","tier":"NotSpecified","apiName":"sharepointonline","isProcessSimpleApiReferenceConversionAlreadyDone":false},"shared_teams":{"connectionName":"106db2ea6a3e4d44aeadb5275eb0adc1","source":"Embedded","id":"/providers/Microsoft.PowerApps/apis/shared_teams","tier":"NotSpecified","apiName":"teams","isProcessSimpleApiReferenceConversionAlreadyDone":false}},"flowFailureAlertSubscribed":false,"isManaged":false}}