{"name":"1729afb6-4433-45f9-9b60-e3589e3193a4","id":"/providers/Microsoft.Flow/flows/1729afb6-4433-45f9-9b60-e3589e3193a4","type":"Microsoft.Flow/flows","properties":{"apiId":"/providers/Microsoft.PowerApps/apis/shared_logicflows","displayName":"Fluxo2_Trigger_PROD","definition":{"metadata":{"workflowEntityId":null,"processAdvisorMetadata":null,"flowChargedByPaygo":null,"flowclientsuspensionreason":"None","flowclientsuspensiontime":null,"flowclientsuspensionreasondetails":null,"creator":{"id":"3882eb28-005d-4948-a668-81263d778f6d","type":"User","tenantId":"7808e005-1489-4374-954b-d3b08f193920"},"provisioningMethod":"FromDefinition","failureAlertSubscription":true,"clientLastModifiedTime":"2025-12-26T08:32:01.2447742Z","connectionKeySavedTimeKey":"2025-12-26T08:32:01.2447742Z","creationSource":null,"modifiedSources":"Portal"},"$schema":"https://schema.management.azure.com/providers/Microsoft.Logic/schemas/2016-06-01/workflowdefinition.json#","contentVersion":"1.0.0.0","parameters":{"$authentication":{"defaultValue":{},"type":"SecureObject"},"$connections":{"defaultValue":{},"type":"Object"}},"triggers":{"Recurrence":{"recurrence":{"frequency":"Minute","interval":1},"evaluatedRecurrence":{"frequency":"Minute","interval":1},"type":"Recurrence"}},"actions":{"Obter_itens_fila":{"type":"OpenApiConnection","inputs":{"parameters":{"dataset":"https://indra365.sharepoint.com/sites/Grp_T_DN_Arquitetura_Solucoes_Multi_Praticas_QA","table":"StatusReports_Queue_TEST","$filter":"QueueStatus eq 'Pending' and RecipientEmail eq 'mbenicios@minsait.com'","$top":1,"$orderby":"Created asc"},"host":{"apiId":"/providers/Microsoft.PowerApps/apis/shared_sharepointonline","connectionName":"shared_sharepointonline","operationId":"GetItems"},"authentication":"@parameters('$authentication')"},"runAfter":{}},"Aplicar_a_cada_fila":{"type":"Foreach","foreach":"@outputs('Obter_itens_fila')?['body/value']","actions":{"Verificar_QueueStatus_Pending":{"type":"If","expression":{"equals":["@coalesce(items('Aplicar_a_cada_fila')?['QueueStatus']?['Value'], items('Aplicar_a_cada_fila')?['QueueStatus'])","Pending"]},"actions":{"Atualizar_Queue_para_Processing":{"type":"OpenApiConnection","inputs":{"parameters":{"dataset":"https://indra365.sharepoint.com/sites/Grp_T_DN_Arquitetura_Solucoes_Multi_Praticas_QA","table":"StatusReports_Queue_TEST","id":"@items('Aplicar_a_cada_fila')?['ID']","item/QueueStatus/Value":"Processing","item/AttemptCount":"@add(int(coalesce(items('Aplicar_a_cada_fila')?['AttemptCount'], 0)), 1)"},"host":{"apiId":"/providers/Microsoft.PowerApps/apis/shared_sharepointonline","connectionName":"shared_sharepointonline","operationId":"PatchItem"},"authentication":"@parameters('$authentication')"},"runAfter":{}},"Atualizar_Queue_para_Sent":{"type":"OpenApiConnection","inputs":{"parameters":{"dataset":"https://indra365.sharepoint.com/sites/Grp_T_DN_Arquitetura_Solucoes_Multi_Praticas_QA","table":"StatusReports_Queue_TEST","id":"@items('Aplicar_a_cada_fila')?['ID']","item/QueueStatus/Value":"Sent","item/SentAt":"@utcNow()"},"host":{"apiId":"/providers/Microsoft.PowerApps/apis/shared_sharepointonline","connectionName":"shared_sharepointonline","operationId":"PatchItem"},"authentication":"@parameters('$authentication')"},"runAfter":{"Atualizar_Queue_para_Processing":["Succeeded"]}},"Obter_item_Oferta":{"type":"OpenApiConnection","inputs":{"parameters":{"dataset":"https://indra365.sharepoint.com/sites/Grp_T_DN_Arquitetura_Solucoes_Multi_Praticas_QA","table":"6db5a12d-595d-4a1a-aca1-035837613815","$filter":"@concat('ID eq ', string(int(coalesce(items('Aplicar_a_cada_fila')?['OfertaId'], 0))))","$top":1},"host":{"apiId":"/providers/Microsoft.PowerApps/apis/shared_sharepointonline","connectionName":"shared_sharepointonline","operationId":"GetItems"},"authentication":"@parameters('$authentication')"},"runAfter":{"Atualizar_Queue_para_Sent":["Succeeded"]}},"Compor_AdaptiveCard":{"type":"Compose","inputs":{"$schema":"http://adaptivecards.io/schemas/adaptive-card.json","type":"AdaptiveCard","version":"1.4","body":[{"type":"Container","style":"emphasis","bleed":true,"items":[{"type":"ColumnSet","columns":[{"type":"Column","width":"auto","verticalContentAlignment":"Center","items":[{"type":"Image","url":"https://img.icons8.com/fluency/48/combo-chart.png","size":"Small","altText":"Logo"}]},{"type":"Column","width":"stretch","items":[{"type":"TextBlock","text":"Status Report Semanal","size":"Small","weight":"Bolder","isSubtle":true,"wrap":true},{"type":"TextBlock","text":"@trim(coalesce(first(body('Obter_item_Oferta')?['value'])?['Title'], ''))","size":"Large","weight":"Bolder","wrap":true,"maxLines":2},{"type":"TextBlock","text":"@concat('Oferta ', trim(coalesce(first(body('Obter_item_Oferta')?['value'])?['JiraKey'], '')))","wrap":true,"isSubtle":true,"spacing":"None"}]},{"type":"Column","width":"auto","horizontalAlignment":"Right","items":[{"type":"TextBlock","text":"@concat('Week ', coalesce(items('Aplicar_a_cada_fila')?['Semana'], items('Aplicar_a_cada_fila')?['SemanaReport'], ''))","weight":"Bolder","size":"Medium","wrap":true,"horizontalAlignment":"Right"},{"type":"TextBlock","text":"@formatDateTime(convertTimeZone(utcNow(),'UTC','E. South America Standard Time'),'dd/MM/yyyy HH:mm')","spacing":"None","size":"Medium","isSubtle":true,"wrap":true,"horizontalAlignment":"Right"}],"verticalContentAlignment":"Center"}]}]},{"separator":true,"spacing":"Medium","columns":[{"type":"Column","width":"stretch","verticalContentAlignment":"Top","items":[{"type":"FactSet","spacing":"None","facts":[{"title":"Cliente:","value":"@trim(coalesce(first(body('Obter_item_Oferta')?['value'])?['Cliente'], ''))"},{"title":"Valor (€):","value":"@if(equals(coalesce(first(body('Obter_item_Oferta')?['value'])?['ValorEUR'],''),''),'-',concat('€ ', formatNumber(float(coalesce(first(body('Obter_item_Oferta')?['value'])?['ValorEUR'],0)),'0.00')))"},{"title":"Valor (R$):","value":"@if(equals(coalesce(first(body('Obter_item_Oferta')?['value'])?['ValorBRL'],''),''),'-',concat('R$ ', formatNumber(float(coalesce(first(body('Obter_item_Oferta')?['value'])?['ValorBRL'],0)),'0.00')))"},{"title":"Mercado:","value":"@trim(coalesce(first(body('Obter_item_Oferta')?['value'])?['Mercado']?['Value'], first(body('Obter_item_Oferta')?['value'])?['Mercado'], ''))"},{"title":"Semana:","value":"@coalesce(items('Aplicar_a_cada_fila')?['Semana'], items('Aplicar_a_cada_fila')?['SemanaReport'], '')"},{"title":"Budget:","value":"@concat(string(coalesce(first(body('Obter_item_Oferta')?['value'])?['Est_x002e_BudgetInicio'], first(body('Obter_item_Oferta')?['value'])?['BudgetAlocado'], 0)), 'h alocadas | ', string(coalesce(first(body('Obter_item_Oferta')?['value'])?['BudgetConsumido'], 0)), 'h consumidas (', formatNumber(if(lessOrEquals(float(coalesce(first(body('Obter_item_Oferta')?['value'])?['BudgetPercentual'],0)),1),mul(float(coalesce(first(body('Obter_item_Oferta')?['value'])?['BudgetPercentual'],0)),100),float(coalesce(first(body('Obter_item_Oferta')?['value'])?['BudgetPercentual'],0))),'0.##'), '%)')"}]}]},{"type":"Column","width":"auto","verticalContentAlignment":"Top","items":[{"type":"Container","items":[{"type":"TextBlock","text":"Status","wrap":true,"size":"Small","isSubtle":true,"horizontalAlignment":"Right"},{"type":"TextBlock","text":"@trim(coalesce(first(body('Obter_item_Oferta')?['value'])?['Status']?['Value'], first(body('Obter_item_Oferta')?['value'])?['Status'], ''))","color":"@if(or(equals(toLower(coalesce(first(body('Obter_item_Oferta')?['value'])?['Status']?['Value'], first(body('Obter_item_Oferta')?['value'])?['Status'], '')),'won'),equals(toLower(coalesce(first(body('Obter_item_Oferta')?['value'])?['Status']?['Value'], first(body('Obter_item_Oferta')?['value'])?['Status'], '')),'gained')),'Good',if(or(equals(toLower(coalesce(first(body('Obter_item_Oferta')?['value'])?['Status']?['Value'], first(body('Obter_item_Oferta')?['value'])?['Status'], '')),'lost'),equals(toLower(coalesce(first(body('Obter_item_Oferta')?['value'])?['Status']?['Value'], first(body('Obter_item_Oferta')?['value'])?['Status'], '')),'cancelled'),equals(toLower(coalesce(first(body('Obter_item_Oferta')?['value'])?['Status']?['Value'], first(body('Obter_item_Oferta')?['value'])?['Status'], '')),'cancelada')),'Attention','Accent'))","spacing":"None","size":"Large","weight":"Bolder","wrap":true,"horizontalAlignment":"Right"}]},{"type":"Container","spacing":"Medium","items":[{"type":"TextBlock","text":"Margem","wrap":true,"size":"Small","isSubtle":true,"horizontalAlignment":"Right"},{"type":"TextBlock","text":"@concat(formatNumber(if(lessOrEquals(float(coalesce(first(body('Obter_item_Oferta')?['value'])?['Margem'],0)),1),mul(float(coalesce(first(body('Obter_item_Oferta')?['value'])?['Margem'],0)),100),float(coalesce(first(body('Obter_item_Oferta')?['value'])?['Margem'],0))),'0.##'),'%')","spacing":"None","size":"Large","weight":"Bolder","wrap":true,"horizontalAlignment":"Right"}]}]}],"type":"ColumnSet"},{"type":"ColumnSet","separator":true,"spacing":"Medium","columns":[{"type":"Column","width":"auto","verticalContentAlignment":"Center","items":[{"type":"Image","url":"@concat('https://indra365.sharepoint.com/_layouts/15/userphoto.aspx?size=S&accountname=', uriComponent(coalesce(items('Aplicar_a_cada_fila')?['ArquitetoEmail'], items('Aplicar_a_cada_fila')?['RecipientEmail'], '')))","style":"Person","size":"Small"}]},{"type":"Column","width":"stretch","items":[{"type":"TextBlock","text":"@trim(coalesce(items('Aplicar_a_cada_fila')?['ArquitetoNome'], items('Aplicar_a_cada_fila')?['Arquiteto'], ''))","wrap":true,"weight":"Default"},{"type":"TextBlock","text":"Arquiteto Responsável","wrap":true,"spacing":"None","size":"Small","isSubtle":true}],"verticalContentAlignment":"Center","spacing":"Small"}]},{"type":"Container","separator":true,"spacing":"Large","style":"emphasis","items":[{"type":"TextBlock","text":"📝 Status Report Semanal","weight":"Bolder","size":"Medium","color":"Accent"},{"type":"TextBlock","text":"Por favor, atualize o status desta oferta:","wrap":true,"size":"Small","isSubtle":true},{"type":"Input.ChoiceSet","id":"status_projeto","label":"🚦 Status do Projeto","style":"expanded","isRequired":true,"errorMessage":"Selecione o status do projeto","choices":[{"title":"🟢 Verde - Sem problemas","value":"Verde"},{"title":"🟡 Amarelo - Atenção necessária","value":"Amarelo"},{"title":"🔴 Vermelho - Crítico (requer observação)","value":"Vermelho"}]},{"type":"Input.ChoiceSet","id":"status_atual","label":"Status Atual da Oferta","style":"compact","isRequired":true,"errorMessage":"Selecione o status","choices":[{"title":"🔵 Em Análise","value":"em_analise"},{"title":"🛠️ Em Desenvolvimento","value":"em_desenvolvimento"},{"title":"📤 Proposta Enviada","value":"enviada"},{"title":"🤝 Em Negociação","value":"negociacao"},{"title":"✅ Ganha (WON)","value":"won"},{"title":"❌ Perdida (LOST)","value":"lost"},{"title":"⏸️ Pausada","value":"pausada"}]},{"type":"Input.ChoiceSet","id":"probabilidade_ganho","label":"Probabilidade de Ganho","style":"compact","choices":[{"title":"25%","value":"25"},{"title":"50%","value":"50"},{"title":"75%","value":"75"},{"title":"100%","value":"100"}]},{"type":"Input.Toggle","id":"reuniao_cliente","title":"Houve reunião com cliente esta semana?","value":"false","valueOn":"true","valueOff":"false"},{"type":"Input.ChoiceSet","id":"reuniao_tipo","label":"Tipo de reunião (se marcou reunião)","style":"expanded","choices":[{"title":"Presencial","value":"Presencial"},{"title":"Remoto","value":"Remoto"}]},{"type":"Input.Toggle","id":"proposta_atualizada","title":"Proposta foi atualizada esta semana?","value":"false","valueOn":"true","valueOff":"false"},{"type":"Input.Toggle","id":"bloqueio_existente","title":"Existe algum bloqueio ou impedimento?","value":"false","valueOn":"true","valueOff":"false"},{"type":"Input.Date","id":"previsao_fechamento","label":"📅 Previsão de Fechamento"},{"type":"Input.Number","id":"budget_consumido_percentual","label":"% Budget Consumido (estimado)","placeholder":"Ex: 45","min":0,"max":100},{"type":"Input.ChoiceSet","id":"tipo_demanda","label":"Tipo da oportunidade (RFP/RFI/RFQ/Oferta)","style":"compact","isRequired":true,"errorMessage":"Selecione o tipo da oportunidade","choices":[{"title":"Oferta (regular)","value":"Oferta"},{"title":"RFI","value":"RFI"},{"title":"RFQ","value":"RFQ"},{"title":"RFP","value":"RFP"}]},{"type":"Input.Text","id":"rfp_relacionada","label":"RFP relacionada (obrigatório se RFI/RFQ)","placeholder":"Informe a futura RFP relacionada (ex.: chave JIRA, link ou ID)...","isMultiline":false,"maxLength":255},{"type":"Input.Text","id":"observacoes","label":"⚠️ Observações (pré-preenchido do JIRA; OBRIGATÓRIO se status Vermelho)","value":"@trim(coalesce(first(body('Obter_item_Oferta')?['value'])?['Observacoes'], ''))","placeholder":"Edite/complete as observações (JIRA + complemento semanal)...","isMultiline":true,"maxLength":1000}]},{"type":"Container","separator":true,"spacing":"Medium","style":"emphasis","items":[{"type":"ColumnSet","columns":[{"type":"Column","width":"stretch","items":[{"type":"TextBlock","text":"Risks & Opportunities","weight":"Bolder","size":"Medium","wrap":true}]},{"type":"Column","width":"auto","items":[{"type":"ActionSet","actions":[{"type":"Action.ToggleVisibility","title":"Abrir / Editar","targetElements":["riscos_body"]}]}],"verticalContentAlignment":"Center"}]},{"type":"Container","id":"riscos_body","isVisible":false,"items":[{"type":"Input.Text","id":"riscos_oportunidades","label":"⚠️ Riscos & Oportunidades","placeholder":"Liste riscos principais e oportunidades (curto e objetivo)...","isMultiline":true,"maxLength":1000}]}]},{"type":"Container","separator":true,"spacing":"Medium","style":"emphasis","items":[{"type":"ColumnSet","columns":[{"type":"Column","width":"stretch","items":[{"type":"TextBlock","text":"Decision / Ask","weight":"Bolder","size":"Medium","wrap":true}]},{"type":"Column","width":"auto","items":[{"type":"ActionSet","actions":[{"type":"Action.ToggleVisibility","title":"Abrir / Editar","targetElements":["decisao_body"]}]}],"verticalContentAlignment":"Center"}]},{"type":"Container","id":"decisao_body","isVisible":false,"items":[{"type":"Input.Text","id":"decisao_ask","label":"✅ Decisão / Ask","placeholder":"Ex: Aprovar X, desbloquear Y, priorizar Z...","isMultiline":true,"maxLength":1000}]}]}],"actions":[{"type":"Action.Submit","title":"📤 Enviar Status Report","style":"positive","data":{"action":"submit_status","jirakey":"@trim(coalesce(first(body('Obter_item_Oferta')?['value'])?['JiraKey'], ''))","oferta_id":"@string(coalesce(items('Aplicar_a_cada_fila')?['OfertaId'], first(body('Obter_item_Oferta')?['value'])?['ID'], first(body('Obter_item_Oferta')?['value'])?['Id'], ''))","semana":"@coalesce(items('Aplicar_a_cada_fila')?['Semana'], items('Aplicar_a_cada_fila')?['SemanaReport'], '')","arquiteto_email":"@toLower(trim(coalesce(items('Aplicar_a_cada_fila')?['ArquitetoEmail'], items('Aplicar_a_cada_fila')?['RecipientEmail'], '')))","cardTypeId":"@'status_report_v2'","arquiteto_nome":"@trim(coalesce(items('Aplicar_a_cada_fila')?['ArquitetoNome'], items('Aplicar_a_cada_fila')?['Arquiteto'], ''))","oferta_titulo":"@trim(coalesce(first(body('Obter_item_Oferta')?['value'])?['Title'], ''))"}}],"msteams":{"width":"Full","cardTypeId":"@'status_report_v2'"}},"runAfter":{"Obter_item_Oferta":["Succeeded"]}},"Postar_cartao_e_aguardar_resposta":{"type":"OpenApiConnectionWebhook","inputs":{"parameters":{"poster":"Flow bot","location":"Chat with Flow bot","body/body/messageBody":"@string(outputs('Compor_AdaptiveCard'))","body/body/recipient/to":"@toLower(trim(coalesce(items('Aplicar_a_cada_fila')?['RecipientEmail'], items('Aplicar_a_cada_fila')?['ArquitetoEmail'], '')))"},"host":{"apiId":"/providers/Microsoft.PowerApps/apis/shared_teams","connectionName":"shared_teams","operationId":"PostCardAndWaitForResponse"},"authentication":"@parameters('$authentication')"},"runAfter":{"Compor_AdaptiveCard":["Succeeded"]}},"Compor_ResponseData":{"type":"Compose","inputs":"@body('Postar_cartao_e_aguardar_resposta')?['data']","runAfter":{"Postar_cartao_e_aguardar_resposta":["Succeeded"]}},"Validar_observacoes_vermelho":{"type":"If","expression":{"and":[{"equals":["@toLower(trim(coalesce(outputs('Compor_ResponseData')?['status_projeto'], '')))","vermelho"]},{"equals":["@trim(coalesce(outputs('Compor_ResponseData')?['observacoes'], ''))",""]}]},"actions":{"Notificar_observacao_obrigatoria":{"type":"OpenApiConnection","inputs":{"parameters":{"poster":"Flow bot","location":"Chat with Flow bot","body/recipient":"@toLower(trim(coalesce(outputs('Compor_ResponseData')?['arquiteto_email'], items('Aplicar_a_cada_fila')?['RecipientEmail'], '')))","body/messageBody":"<p>⚠️ <b>Validação do Status Report</b></p><p>Você selecionou <b>Vermelho</b>, então o campo <b>Observações</b> é obrigatório.</p><p>Por favor, reabra o card e envie novamente com a observação preenchida.</p>"},"host":{"apiId":"/providers/Microsoft.PowerApps/apis/shared_teams","connectionName":"shared_teams","operationId":"PostMessageToConversation"},"authentication":"@parameters('$authentication')"},"runAfter":{}},"Atualizar_Queue_para_Error_Observacoes":{"type":"OpenApiConnection","inputs":{"parameters":{"dataset":"https://indra365.sharepoint.com/sites/Grp_T_DN_Arquitetura_Solucoes_Multi_Praticas_QA","table":"StatusReports_Queue_TEST","id":"@items('Aplicar_a_cada_fila')?['ID']","item/QueueStatus/Value":"Error"},"host":{"apiId":"/providers/Microsoft.PowerApps/apis/shared_sharepointonline","connectionName":"shared_sharepointonline","operationId":"PatchItem"},"authentication":"@parameters('$authentication')"},"runAfter":{"Notificar_observacao_obrigatoria":["Succeeded"]}}},"else":{"actions":{"Obter_itens_StatusReports_Historico":{"type":"OpenApiConnection","inputs":{"parameters":{"dataset":"https://indra365.sharepoint.com/sites/Grp_T_DN_Arquitetura_Solucoes_Multi_Praticas_QA","table":"f58b3d23-5750-4b29-b30f-a7b5421cdd80","$filter":"@concat('OfertaId eq ', string(int(coalesce(outputs('Compor_ResponseData')?['oferta_id'], 0))), ' and Semana eq ''', coalesce(outputs('Compor_ResponseData')?['semana'], ''), ''' and ArquitetoEmail eq ''', toLower(trim(coalesce(outputs('Compor_ResponseData')?['arquiteto_email'], items('Aplicar_a_cada_fila')?['RecipientEmail'], ''))), '''')","$top":1},"host":{"apiId":"/providers/Microsoft.PowerApps/apis/shared_sharepointonline","connectionName":"shared_sharepointonline","operationId":"GetItems"},"authentication":"@parameters('$authentication')"},"runAfter":{}},"Verificar_duplicidade":{"type":"If","expression":{"greater":["@length(body('Obter_itens_StatusReports_Historico')?['value'])",0]},"actions":{"Atualizar_Queue_para_Error_Duplicado":{"type":"OpenApiConnection","inputs":{"parameters":{"dataset":"https://indra365.sharepoint.com/sites/Grp_T_DN_Arquitetura_Solucoes_Multi_Praticas_QA","table":"StatusReports_Queue_TEST","id":"@items('Aplicar_a_cada_fila')?['ID']","item/QueueStatus/Value":"Error"},"host":{"apiId":"/providers/Microsoft.PowerApps/apis/shared_sharepointonline","connectionName":"shared_sharepointonline","operationId":"PatchItem"},"authentication":"@parameters('$authentication')"},"runAfter":{}}},"else":{"actions":{"Criar_item_StatusReports_Historico":{"type":"OpenApiConnection","inputs":{"parameters":{"dataset":"https://indra365.sharepoint.com/sites/Grp_T_DN_Arquitetura_Solucoes_Multi_Praticas_QA","table":"f58b3d23-5750-4b29-b30f-a7b5421cdd80","item/Title":"@trim(coalesce(outputs('Compor_ResponseData')?['jirakey'], ''))","item/OfertaId":"@int(coalesce(outputs('Compor_ResponseData')?['oferta_id'], '0'))","item/Semana":"@coalesce(outputs('Compor_ResponseData')?['semana'], '')","item/ArquitetoEmail":"@toLower(trim(coalesce(outputs('Compor_ResponseData')?['arquiteto_email'], items('Aplicar_a_cada_fila')?['RecipientEmail'], '')))","item/StatusProjeto/Value":"@coalesce(outputs('Compor_ResponseData')?['status_projeto'], '')","item/StatusAtual/Value":"@coalesce(outputs('Compor_ResponseData')?['status_atual'], '')","item/ProbabilidadeGanho/Value":"@if(empty(outputs('Compor_ResponseData')?['probabilidade_ganho']), null, concat(outputs('Compor_ResponseData')?['probabilidade_ganho'], '%'))","item/ReuniaoCliente":"@equals(coalesce(outputs('Compor_ResponseData')?['reuniao_cliente'], 'false'), 'true')","item/PropostaAtualizada":"@equals(coalesce(outputs('Compor_ResponseData')?['proposta_atualizada'], 'false'), 'true')","item/BloqueioExistente":"@equals(coalesce(outputs('Compor_ResponseData')?['bloqueio_existente'], 'false'), 'true')","item/PrevisaoFechamento":"@if(empty(outputs('Compor_ResponseData')?['previsao_fechamento']), null, outputs('Compor_ResponseData')?['previsao_fechamento'])","item/BudgetConsumido":"@if(empty(outputs('Compor_ResponseData')?['budget_consumido_percentual']), null, int(outputs('Compor_ResponseData')?['budget_consumido_percentual']))","item/Observacoes":"@coalesce(outputs('Compor_ResponseData')?['observacoes'], '')","item/DataPreenchimento":"@utcNow()","item/VersaoNumero":"@int(coalesce(outputs('Compor_ResponseData')?['versao_report'], items('Aplicar_a_cada_fila')?['VersaoReport'], 1))","item/StatusBloqueado":true,"item/RespostaJSON":"@string(body('Postar_cartao_e_aguardar_resposta'))"},"host":{"apiId":"/providers/Microsoft.PowerApps/apis/shared_sharepointonline","connectionName":"shared_sharepointonline","operationId":"PostItem"},"authentication":"@parameters('$authentication')"},"runAfter":{}},"Atualizar_Oferta_Pipeline":{"type":"OpenApiConnection","inputs":{"parameters":{"dataset":"https://indra365.sharepoint.com/sites/Grp_T_DN_Arquitetura_Solucoes_Multi_Praticas_QA","table":"6db5a12d-595d-4a1a-aca1-035837613815","id":"@int(coalesce(outputs('Compor_ResponseData')?['oferta_id'], 0))","item/StatusReportEnviado":true,"item/DataUltimoReport":"@utcNow()","item/SemanaReport":"@coalesce(outputs('Compor_ResponseData')?['semana'], '')","item/Est_x002e_BudgetInicio":"@if(equals(first(body('Obter_item_Oferta')?['value'])?['Est_x002e_BudgetInicio'], null), 0, first(body('Obter_item_Oferta')?['value'])?['Est_x002e_BudgetInicio'])","item/VersaoReport":"@int(coalesce(outputs('Compor_ResponseData')?['versao_report'], items('Aplicar_a_cada_fila')?['VersaoReport'], 1))"},"host":{"apiId":"/providers/Microsoft.PowerApps/apis/shared_sharepointonline","connectionName":"shared_sharepointonline","operationId":"PatchItem"},"authentication":"@parameters('$authentication')"},"runAfter":{"Criar_item_StatusReports_Historico":["Succeeded"]}},"Atualizar_Queue_para_Completed":{"type":"OpenApiConnection","inputs":{"parameters":{"dataset":"https://indra365.sharepoint.com/sites/Grp_T_DN_Arquitetura_Solucoes_Multi_Praticas_QA","table":"StatusReports_Queue_TEST","id":"@items('Aplicar_a_cada_fila')?['ID']","item/QueueStatus/Value":"Completed","item/CompletedAt":"@utcNow()"},"host":{"apiId":"/providers/Microsoft.PowerApps/apis/shared_sharepointonline","connectionName":"shared_sharepointonline","operationId":"PatchItem"},"authentication":"@parameters('$authentication')"},"runAfter":{"Atualizar_Oferta_Pipeline":["Succeeded"]}},"Atualizar_Queue_para_Error_Persistencia":{"type":"OpenApiConnection","inputs":{"parameters":{"dataset":"https://indra365.sharepoint.com/sites/Grp_T_DN_Arquitetura_Solucoes_Multi_Praticas_QA","table":"StatusReports_Queue_TEST","id":"@items('Aplicar_a_cada_fila')?['ID']","item/QueueStatus/Value":"Error","item/SentAt":"@utcNow()","item/AttemptCount":"@add(int(coalesce(items('Aplicar_a_cada_fila')?['AttemptCount'], 0)), 1)"},"host":{"apiId":"/providers/Microsoft.PowerApps/apis/shared_sharepointonline","connectionName":"shared_sharepointonline","operationId":"PatchItem"},"authentication":"@parameters('$authentication')"},"runAfter":{"Criar_item_StatusReports_Historico":["Failed","TimedOut"]}}}},"runAfter":{"Obter_itens_StatusReports_Historico":["Succeeded"]}}}},"runAfter":{"Compor_ResponseData":["Succeeded"]}},"Atualizar_Queue_para_Error_Teams":{"type":"OpenApiConnection","inputs":{"parameters":{"dataset":"https://indra365.sharepoint.com/sites/Grp_T_DN_Arquitetura_Solucoes_Multi_Praticas_QA","table":"StatusReports_Queue_TEST","id":"@items('Aplicar_a_cada_fila')?['ID']","item/QueueStatus/Value":"Error","item/SentAt":"@utcNow()","item/AttemptCount":"@add(int(coalesce(items('Aplicar_a_cada_fila')?['AttemptCount'], 0)), 1)"},"host":{"apiId":"/providers/Microsoft.PowerApps/apis/shared_sharepointonline","connectionName":"shared_sharepointonline","operationId":"PatchItem"},"authentication":"@parameters('$authentication')"},"runAfter":{"Postar_cartao_e_aguardar_resposta":["Failed","TimedOut"]}}},"else":{"actions":{}},"runAfter":{}}},"runAfter":{"Obter_itens_fila":["Succeeded"]}}},"outputs":{}},"connectionReferences":{"shared_teams":{"connectionName":"106db2ea6a3e4d44aeadb5275eb0adc1","source":"Invoker","id":"/providers/Microsoft.PowerApps/apis/shared_teams","tier":"NotSpecified","apiName":"teams","isProcessSimpleApiReferenceConversionAlreadyDone":false},"shared_sharepointonline":{"connectionName":"79ccebc9fde7483684c5d58d10307b70","source":"Embedded","id":"/providers/Microsoft.PowerApps/apis/shared_sharepointonline","tier":"NotSpecified","apiName":"sharepointonline","isProcessSimpleApiReferenceConversionAlreadyDone":false}},"flowFailureAlertSubscribed":false,"isManaged":false}}