{"name":"4a966b3c-e991-4ae4-90a0-1ae975a7d95f","id":"/providers/Microsoft.Flow/flows/4a966b3c-e991-4ae4-90a0-1ae975a7d95f","type":"Microsoft.Flow/flows","properties":{"apiId":"/providers/Microsoft.PowerApps/apis/shared_logicflows","displayName":"Flow3_Consolidacao_Semanal_CLevel_PROD","definition":{"metadata":{"workflowEntityId":null,"processAdvisorMetadata":null,"flowChargedByPaygo":null,"flowclientsuspensionreason":"None","flowclientsuspensiontime":null,"flowclientsuspensionreasondetails":null,"creator":{"id":"3882eb28-005d-4948-a668-81263d778f6d","type":"User","tenantId":"7808e005-1489-4374-954b-d3b08f193920"},"provisioningMethod":"FromDefinition","failureAlertSubscription":true,"clientLastModifiedTime":"2025-12-25T22:56:01.6843483Z","connectionKeySavedTimeKey":"2025-12-25T22:56:01.6843483Z","creationSource":"Portal","modifiedSources":"Portal"},"$schema":"https://schema.management.azure.com/providers/Microsoft.Logic/schemas/2016-06-01/workflowdefinition.json#","contentVersion":"undefined","parameters":{"$authentication":{"defaultValue":{},"type":"SecureObject"},"$connections":{"defaultValue":{},"type":"Object"}},"triggers":{"Recurrence":{"recurrence":{"frequency":"Week","interval":"1","startTime":"2025-12-23T21:00:00.000Z","schedule":{"weekDays":["Tuesday","Friday"]}},"evaluatedRecurrence":{"frequency":"Week","interval":"1","startTime":"2025-12-23T21:00:00.000Z","schedule":{"weekDays":["Tuesday","Friday"]}},"type":"Recurrence"}},"actions":{"Get_Ofertas":{"runAfter":{},"type":"OpenApiConnection","inputs":{"parameters":{"dataset":"https://indra365.sharepoint.com/sites/Grp_T_DN_Arquitetura_Solucoes_Multi_Praticas_QA","table":"6db5a12d-595d-4a1a-aca1-035837613815","$top":2500},"host":{"apiId":"/providers/Microsoft.PowerApps/apis/shared_sharepointonline","connectionName":"shared_sharepointonline","operationId":"GetItems"},"authentication":"@parameters('$authentication')"}},"Get_Atualizacoes":{"runAfter":{"Get_Ofertas":["Succeeded"]},"type":"OpenApiConnection","inputs":{"parameters":{"dataset":"https://indra365.sharepoint.com/sites/Grp_T_DN_Arquitetura_Solucoes_Multi_Praticas_QA","table":"172d7d29-5a3c-4608-b4ea-b5b027ef5ac0","$top":500},"host":{"apiId":"/providers/Microsoft.PowerApps/apis/shared_sharepointonline","connectionName":"shared_sharepointonline","operationId":"GetItems"},"authentication":"@parameters('$authentication')"}},"HTTP":{"runAfter":{"Get_Atualizacoes":["Succeeded"]},"type":"Http","inputs":{"uri":"https://func-pipeline-consolidation.azurewebsites.net/api/consolidar-v2?code=7ZTTZAdY3mlBVeWdyQLpAKOhmGjSuvQ64rvTRl5BPRIoAzFuE-xzdw==","method":"POST","headers":{"Content-Type":"application/json"},"body":{"ofertas":"@body('Get_Ofertas')?['value']","atualizacoes":"@body('Get_Atualizacoes')?['value']"}},"runtimeConfiguration":{"contentTransfer":{"transferMode":"Chunked"}}},"Postar_mensagem_em_um_chat_ou_canal":{"runAfter":{"Analisar_JSON":["Succeeded"]},"type":"OpenApiConnection","inputs":{"parameters":{"poster":"Flow bot","location":"Channel","body/recipient/groupId":"727b2b32-35de-4f24-b808-8fd84f5b579e","body/recipient/channelId":"19:589db855e7204137a37c7154a6c025a5@thread.tacv2","body/messageBody":"@body('Analisar_JSON')?['teams_card_html']"},"host":{"apiId":"/providers/Microsoft.PowerApps/apis/shared_teams","connectionName":"shared_teams","operationId":"PostMessageToConversation"},"authentication":"@parameters('$authentication')"}},"Analisar_JSON":{"runAfter":{"HTTP":["Succeeded"]},"type":"ParseJson","inputs":{"content":"@body('HTTP')","schema":{"type":"object","properties":{"semana":{"type":"string"},"status":{"type":"string"},"mensagem":{"type":"string"},"total_ofertas":{"type":"integer"},"total_atualizacoes":{"type":"integer"},"valor_total":{"type":"number"},"taxa_resposta":{"type":"number"},"total_arquitetos":{"type":"integer"},"arquitetos_responderam":{"type":"integer"},"pipeline_por_fase":{"type":"array","items":{"type":"object","properties":{"fase":{"type":"string"},"quantidade":{"type":"integer"},"valor":{"type":"number"}}}},"top_mercados":{"type":"array","items":{"type":"object","properties":{"mercado":{"type":"string"},"valor":{"type":"number"}}}},"top_arquitetos":{"type":"array","items":{"type":"object","properties":{"arquiteto":{"type":"string"},"projetos":{"type":"integer"}}}},"data_geracao":{"type":"string"},"teams_card_html":{"type":"string"}}}}}}},"connectionReferences":{"shared_sharepointonline":{"connectionName":"79ccebc9fde7483684c5d58d10307b70","source":"Embedded","id":"/providers/Microsoft.PowerApps/apis/shared_sharepointonline","tier":"NotSpecified","apiName":"sharepointonline","isProcessSimpleApiReferenceConversionAlreadyDone":false},"shared_teams":{"connectionName":"106db2ea6a3e4d44aeadb5275eb0adc1","source":"Embedded","id":"/providers/Microsoft.PowerApps/apis/shared_teams","tier":"NotSpecified","apiName":"teams","isProcessSimpleApiReferenceConversionAlreadyDone":false}},"flowFailureAlertSubscribed":false,"isManaged":false}}
