{"name":"1729afb6-4433-45f9-9b60-e3589e3193a4","id":"/providers/Microsoft.Flow/flows/1729afb6-4433-45f9-9b60-e3589e3193a4","type":"Microsoft.Flow/flows","properties":{"apiId":"/providers/Microsoft.PowerApps/apis/shared_logicflows","displayName":"Fluxo2_Trigger_PROD","definition":{"metadata":{"workflowEntityId":null,"processAdvisorMetadata":null,"flowChargedByPaygo":null,"flowclientsuspensionreason":"None","flowclientsuspensiontime":null,"flowclientsuspensionreasondetails":null,"creator":{"id":"3882eb28-005d-4948-a668-81263d778f6d","type":"User","tenantId":"7808e005-1489-4374-954b-d3b08f193920"},"provisioningMethod":"FromDefinition","failureAlertSubscription":true,"clientLastModifiedTime":"2025-12-26T08:32:01.2447742Z","connectionKeySavedTimeKey":"2025-12-26T08:32:01.2447742Z","creationSource":null,"modifiedSources":"Portal"},"$schema":"https://schema.management.azure.com/providers/Microsoft.Logic/schemas/2016-06-01/workflowdefinition.json#","contentVersion":"1.0.0.0","parameters":{"$authentication":{"defaultValue":{},"type":"SecureObject"},"$connections":{"defaultValue":{},"type":"Object"}},"triggers":{"manual":{"splitOn":"@triggerBody()['rows']","metadata":{"operationMetadataId":"295ab183-51f2-4e2d-bc87-1a0bea3eb468","flowSystemMetadata":{"swaggerOperationId":"TeamsCardTrigger","taskModuleWidth":null,"taskModuleHeight":null,"inputsAdaptiveCard":"{\n  \"$schema\": \"http://adaptivecards.io/schemas/adaptive-card.json\",\n  \"type\": \"AdaptiveCard\",\n  \"version\": \"1.4\",\n  \"body\": [\n    {\n      \"type\": \"Container\",\n      \"style\": \"emphasis\",\n      \"bleed\": true,\n      \"items\": [\n        {\n          \"type\": \"ColumnSet\",\n          \"columns\": [\n            {\n              \"type\": \"Column\",\n              \"width\": \"auto\",\n              \"verticalContentAlignment\": \"Center\",\n              \"items\": [\n                {\n                  \"type\": \"Image\",\n                  \"url\": \"https://img.icons8.com/fluency/48/combo-chart.png\",\n                  \"size\": \"Small\",\n                  \"altText\": \"Logo\"\n                }\n              ]\n            },\n            {\n              \"type\": \"Column\",\n              \"width\": \"stretch\",\n              \"items\": [\n                {\n                  \"type\": \"TextBlock\",\n                  \"text\": \"Status Report Semanal\",\n                  \"size\": \"Small\",\n                  \"weight\": \"Bolder\",\n                  \"isSubtle\": true,\n                  \"wrap\": true\n                },\n                {\n                  \"type\": \"TextBlock\",\n                  \"text\": \"${summary}\",\n                  \"size\": \"Large\",\n                  \"weight\": \"Bolder\",\n                  \"wrap\": true,\n                  \"maxLines\": 2\n                },\n                {\n                  \"type\": \"TextBlock\",\n                  \"text\": \"Oferta ${jirakey}\",\n                  \"wrap\": true,\n                  \"isSubtle\": true,\n                  \"spacing\": \"None\"\n                }\n              ]\n            },\n            {\n              \"type\": \"Column\",\n              \"width\": \"auto\",\n              \"horizontalAlignment\": \"Right\",\n              \"items\": [\n                {\n                  \"type\": \"TextBlock\",\n                  \"text\": \"Week ${semana}\",\n                  \"weight\": \"Bolder\",\n                  \"size\": \"Medium\",\n                  \"wrap\": true,\n                  \"horizontalAlignment\": \"Right\"\n                },\n                {\n                  \"type\": \"TextBlock\",\n                  \"text\": \"${data_hora}\",\n                  \"spacing\": \"None\",\n                  \"size\": \"Medium\",\n                  \"isSubtle\": true,\n                  \"wrap\": true,\n                  \"horizontalAlignment\": \"Right\"\n                }\n              ],\n              \"verticalContentAlignment\": \"Center\"\n            }\n          ]\n        }\n      ]\n    },\n    {\n      \"type\": \"ColumnSet\",\n      \"columns\": [\n        {\n          \"type\": \"Column\",\n          \"width\": \"stretch\",\n          \"items\": [],\n          \"verticalContentAlignment\": \"Center\"\n        },\n        {\n          \"type\": \"Column\",\n          \"width\": \"auto\",\n          \"items\": [\n            {\n              \"type\": \"TextBlock\",\n              \"text\": \"Status\",\n              \"wrap\": true,\n              \"size\": \"Medium\",\n              \"isSubtle\": true\n            },\n            {\n              \"type\": \"TextBlock\",\n              \"text\": \"${status}\",\n              \"color\": \"${status_color}\",\n              \"spacing\": \"None\",\n              \"size\": \"Medium\",\n              \"weight\": \"Bolder\",\n              \"wrap\": true\n            }\n          ],\n          \"spacing\": \"Small\"\n        },\n        {\n          \"type\": \"Column\",\n          \"width\": \"auto\",\n          \"separator\": true,\n          \"items\": [\n            {\n              \"type\": \"TextBlock\",\n              \"text\": \"Margem\",\n              \"size\": \"Medium\",\n              \"isSubtle\": true,\n              \"wrap\": true\n            },\n            {\n              \"type\": \"TextBlock\",\n              \"text\": \"${margem}\",\n              \"wrap\": true,\n              \"weight\": \"Bolder\",\n              \"spacing\": \"None\",\n              \"size\": \"Medium\"\n            }\n          ]\n        }\n      ]\n    },\n    {\n      \"type\": \"FactSet\",\n      \"separator\": true,\n      \"spacing\": \"Medium\",\n      \"facts\": [\n        {\n          \"title\": \"Cliente:\",\n          \"value\": \"${cliente}\"\n        },\n        {\n          \"title\": \"Valor (€):\",\n          \"value\": \"${valor_eur}\"\n        },\n        {\n          \"title\": \"Valor (R$):\",\n          \"value\": \"${valor_brl}\"\n        },\n        {\n          \"title\": \"Mercado:\",\n          \"value\": \"${mercado}\"\n        },\n        {\n          \"title\": \"Semana:\",\n          \"value\": \"${semana}\"\n        },\n        {\n          \"title\": \"Budget:\",\n          \"value\": \"${budget_alocado}h alocadas | ${budget_consumido}h consumidas (${budget_percentual}%)\"\n        }\n      ]\n    },\n    {\n      \"type\": \"ColumnSet\",\n      \"separator\": true,\n      \"spacing\": \"Medium\",\n      \"columns\": [\n        {\n          \"type\": \"Column\",\n          \"width\": \"auto\",\n          \"verticalContentAlignment\": \"Center\",\n          \"items\": [\n            {\n              \"type\": \"Image\",\n              \"url\": \"${arquiteto_foto}\",\n              \"style\": \"Person\",\n              \"size\": \"Small\"\n            }\n          ]\n        },\n        {\n          \"type\": \"Column\",\n          \"width\": \"stretch\",\n          \"items\": [\n            {\n              \"type\": \"TextBlock\",\n              \"text\": \"${arquiteto}\",\n              \"wrap\": true,\n              \"weight\": \"Default\"\n            },\n            {\n              \"type\": \"TextBlock\",\n              \"text\": \"Arquiteto Responsável\",\n              \"wrap\": true,\n              \"spacing\": \"None\",\n              \"size\": \"Small\",\n              \"isSubtle\": true\n            }\n          ],\n          \"verticalContentAlignment\": \"Center\",\n          \"spacing\": \"Small\"\n        }\n      ]\n    },\n    {\n      \"type\": \"Container\",\n      \"separator\": true,\n      \"spacing\": \"Large\",\n      \"style\": \"emphasis\",\n      \"items\": [\n        {\n          \"type\": \"TextBlock\",\n          \"text\": \"📝 Status Report Semanal\",\n          \"weight\": \"Bolder\",\n          \"size\": \"Medium\",\n          \"color\": \"Accent\"\n        },\n        {\n          \"type\": \"TextBlock\",\n          \"text\": \"Por favor, atualize o status desta oferta:\",\n          \"wrap\": true,\n          \"size\": \"Small\",\n          \"isSubtle\": true\n        },\n        {\n          \"type\": \"Input.ChoiceSet\",\n          \"id\": \"status_projeto\",\n          \"label\": \"🚦 Status do Projeto\",\n          \"style\": \"expanded\",\n          \"isRequired\": true,\n          \"errorMessage\": \"Selecione o status do projeto\",\n          \"choices\": [\n            {\n              \"title\": \"🟢 Verde - Sem problemas\",\n              \"value\": \"Verde\"\n            },\n            {\n              \"title\": \"🟡 Amarelo - Atenção necessária\",\n              \"value\": \"Amarelo\"\n            },\n            {\n              \"title\": \"🔴 Vermelho - Crítico (requer observação)\",\n              \"value\": \"Vermelho\"\n            }\n          ]\n        },\n        {\n          \"type\": \"Input.ChoiceSet\",\n          \"id\": \"status_atual\",\n          \"label\": \"Status Atual da Oferta\",\n          \"style\": \"compact\",\n          \"isRequired\": true,\n          \"errorMessage\": \"Selecione o status\",\n          \"choices\": [\n            {\n              \"title\": \"🔵 Em Análise\",\n              \"value\": \"em_analise\"\n            },\n            {\n              \"title\": \"🛠️ Em Desenvolvimento\",\n              \"value\": \"em_desenvolvimento\"\n            },\n            {\n              \"title\": \"📤 Proposta Enviada\",\n              \"value\": \"enviada\"\n            },\n            {\n              \"title\": \"🤝 Em Negociação\",\n              \"value\": \"negociacao\"\n            },\n            {\n              \"title\": \"✅ Ganha (WON)\",\n              \"value\": \"won\"\n            },\n            {\n              \"title\": \"❌ Perdida (LOST)\",\n              \"value\": \"lost\"\n            },\n            {\n              \"title\": \"⏸️ Pausada\",\n              \"value\": \"pausada\"\n            }\n          ]\n        },\n        {\n          \"type\": \"Input.ChoiceSet\",\n          \"id\": \"probabilidade_ganho\",\n          \"label\": \"Probabilidade de Ganho\",\n          \"style\": \"compact\",\n          \"choices\": [\n            {\n              \"title\": \"25%\",\n              \"value\": \"25\"\n            },\n            {\n              \"title\": \"50%\",\n              \"value\": \"50\"\n            },\n            {\n              \"title\": \"75%\",\n              \"value\": \"75\"\n            },\n            {\n              \"title\": \"100%\",\n              \"value\": \"100\"\n            }\n          ]\n        },\n        {\n          \"type\": \"Input.Toggle\",\n          \"id\": \"reuniao_cliente\",\n          \"title\": \"Houve reunião com cliente esta semana?\",\n          \"value\": \"false\",\n          \"valueOn\": \"true\",\n          \"valueOff\": \"false\"\n        },\n        {\n          \"type\": \"Input.ChoiceSet\",\n          \"id\": \"reuniao_tipo\",\n          \"label\": \"Tipo de reunião (se marcou reunião)\",\n          \"style\": \"expanded\",\n          \"choices\": [\n            {\n              \"title\": \"Presencial\",\n              \"value\": \"Presencial\"\n            },\n            {\n              \"title\": \"Remoto\",\n              \"value\": \"Remoto\"\n            }\n          ]\n        },\n        {\n          \"type\": \"Input.Toggle\",\n          \"id\": \"proposta_atualizada\",\n          \"title\": \"Proposta foi atualizada esta semana?\",\n          \"value\": \"false\",\n          \"valueOn\": \"true\",\n          \"valueOff\": \"false\"\n        },\n        {\n          \"type\": \"Input.Toggle\",\n          \"id\": \"bloqueio_existente\",\n          \"title\": \"Existe algum bloqueio ou impedimento?\",\n          \"value\": \"false\",\n          \"valueOn\": \"true\",\n          \"valueOff\": \"false\"\n        },\n        {\n          \"type\": \"Input.Date\",\n          \"id\": \"previsao_fechamento\",\n          \"label\": \"📅 Previsão de Fechamento\"\n        },\n        {\n          \"type\": \"Input.Number\",\n          \"id\": \"budget_consumido_percentual\",\n          \"label\": \"% Budget Consumido (estimado)\",\n          \"placeholder\": \"Ex: 45\",\n          \"min\": 0,\n          \"max\": 100\n        },\n        {\n          \"type\": \"Input.ChoiceSet\",\n          \"id\": \"tipo_demanda\",\n          \"label\": \"Tipo da oportunidade (RFP/RFI/RFQ/Oferta)\",\n          \"style\": \"expanded\",\n          \"isRequired\": true,\n          \"errorMessage\": \"Selecione o tipo da oportunidade\",\n          \"choices\": [\n            {\n              \"title\": \"Oferta (regular)\",\n              \"value\": \"Oferta\"\n            },\n            {\n              \"title\": \"RFI\",\n              \"value\": \"RFI\"\n            },\n            {\n              \"title\": \"RFQ\",\n              \"value\": \"RFQ\"\n            },\n            {\n              \"title\": \"RFP\",\n              \"value\": \"RFP\"\n            }\n          ]\n        },\n        {\n          \"type\": \"Input.Text\",\n          \"id\": \"rfp_relacionada\",\n          \"label\": \"RFP relacionada (obrigatório se RFI/RFQ)\",\n          \"placeholder\": \"Informe a futura RFP relacionada (ex.: chave JIRA, link ou ID)...\",\n          \"isMultiline\": false,\n          \"maxLength\": 255\n        },\n        {\n          \"type\": \"Input.Text\",\n          \"id\": \"observacoes\",\n          \"label\": \"⚠️ Observações (pré-preenchido do JIRA; OBRIGATÓRIO se status Vermelho)\",\n          \"value\": \"${observacoes_jira}\",\n          \"placeholder\": \"Edite/complete as observações (JIRA + complemento semanal)...\",\n          \"isMultiline\": true,\n          \"maxLength\": 1000\n        }\n      ]\n    },\n    {\n      \"type\": \"Container\",\n      \"separator\": true,\n      \"spacing\": \"Medium\",\n      \"style\": \"emphasis\",\n      \"items\": [\n        {\n          \"type\": \"ColumnSet\",\n          \"columns\": [\n            {\n              \"type\": \"Column\",\n              \"width\": \"stretch\",\n              \"items\": [\n                {\n                  \"type\": \"TextBlock\",\n                  \"text\": \"Risks & Opportunities\",\n                  \"weight\": \"Bolder\",\n                  \"size\": \"Medium\",\n                  \"wrap\": true\n                }\n              ]\n            },\n            {\n              \"type\": \"Column\",\n              \"width\": \"auto\",\n              \"items\": [\n                {\n                  \"type\": \"ActionSet\",\n                  \"actions\": [\n                    {\n                      \"type\": \"Action.ToggleVisibility\",\n                      \"title\": \"Abrir / Editar\",\n                      \"targetElements\": [\n                        \"riscos_body\"\n                      ]\n                    }\n                  ]\n                }\n              ],\n              \"verticalContentAlignment\": \"Center\"\n            }\n          ]\n        },\n        {\n          \"type\": \"Container\",\n          \"id\": \"riscos_body\",\n          \"isVisible\": false,\n          \"items\": [\n            {\n              \"type\": \"Input.Text\",\n              \"id\": \"riscos_oportunidades\",\n              \"label\": \"⚠️ Riscos & Oportunidades\",\n              \"placeholder\": \"Liste riscos principais e oportunidades (curto e objetivo)...\",\n              \"isMultiline\": true,\n              \"maxLength\": 1000\n            }\n          ]\n        }\n      ]\n    },\n    {\n      \"type\": \"Container\",\n      \"separator\": true,\n      \"spacing\": \"Medium\",\n      \"style\": \"emphasis\",\n      \"items\": [\n        {\n          \"type\": \"ColumnSet\",\n          \"columns\": [\n            {\n              \"type\": \"Column\",\n              \"width\": \"stretch\",\n              \"items\": [\n                {\n                  \"type\": \"TextBlock\",\n                  \"text\": \"Decision / Ask\",\n                  \"weight\": \"Bolder\",\n                  \"size\": \"Medium\",\n                  \"wrap\": true\n                }\n              ]\n            },\n            {\n              \"type\": \"Column\",\n              \"width\": \"auto\",\n              \"items\": [\n                {\n                  \"type\": \"ActionSet\",\n                  \"actions\": [\n                    {\n                      \"type\": \"Action.ToggleVisibility\",\n                      \"title\": \"Abrir / Editar\",\n                      \"targetElements\": [\n                        \"decisao_body\"\n                      ]\n                    }\n                  ]\n                }\n              ],\n              \"verticalContentAlignment\": \"Center\"\n            }\n          ]\n        },\n        {\n          \"type\": \"Container\",\n          \"id\": \"decisao_body\",\n          \"isVisible\": false,\n          \"items\": [\n            {\n              \"type\": \"Input.Text\",\n              \"id\": \"decisao_ask\",\n              \"label\": \"✅ Decisão / Ask\",\n              \"placeholder\": \"Ex: Aprovar X, desbloquear Y, priorizar Z...\",\n              \"isMultiline\": true,\n              \"maxLength\": 1000\n            }\n          ]\n        }\n      ]\n    }\n  ],\n  \"actions\": [\n    {\n      \"type\": \"Action.Submit\",\n      \"title\": \"📤 Enviar Status Report\",\n      \"style\": \"positive\",\n      \"data\": {\n        \"action\": \"submit_status\",\n        \"jirakey\": \"${jirakey}\",\n        \"oferta_id\": \"${oferta_id}\",\n        \"semana\": \"${semana}\",\n        \"arquiteto_email\": \"${arquiteto_email}\",\n        \"cardTypeId\": \"${cardTypeId}\",\n        \"arquiteto_nome\": \"${arquiteto_nome}\",\n        \"oferta_titulo\": \"${oferta_titulo}\"\n      }\n    }\n  ],\n  \"msteams\": {\n    \"width\": \"Full\",\n    \"cardTypeId\": \"${cardTypeId}\"\n  }\n}\n"}},"type":"Request","kind":"ApiConnection","inputs":{"schema":{"type":"object","properties":{},"required":[]},"host":{"connection":{"name":"@parameters('$connections')['shared_teams']['connectionId']"},"api":{"runtimeUrl":"https://flow-apim-europe-001-northeurope-01.azure-apim.net/apim/teams"}},"operationId":"TeamsCardTrigger","parameters":{"inputsAdaptiveCard":"{\n  \"$schema\": \"http://adaptivecards.io/schemas/adaptive-card.json\",\n  \"type\": \"AdaptiveCard\",\n  \"version\": \"1.4\",\n  \"body\": [\n    {\n      \"type\": \"ColumnSet\",\n      \"columns\": [\n        {\n          \"type\": \"Column\",\n          \"width\": \"stretch\",\n          \"items\": [\n            {\n              \"type\": \"TextBlock\",\n              \"text\": \"${summary}\",\n              \"size\": \"Medium\",\n              \"weight\": \"Bolder\",\n              \"wrap\": true,\n              \"maxLines\": 2\n            },\n            {\n              \"type\": \"TextBlock\",\n              \"text\": \"Oferta ${jirakey}\",\n              \"wrap\": true,\n              \"isSubtle\": true,\n              \"spacing\": \"None\"\n            }\n          ],\n          \"verticalContentAlignment\": \"Center\"\n        },\n        {\n          \"type\": \"Column\",\n          \"width\": \"auto\",\n          \"items\": [\n            {\n              \"type\": \"TextBlock\",\n              \"text\": \"Status\",\n              \"wrap\": true,\n              \"size\": \"Small\",\n              \"isSubtle\": true\n            },\n            {\n              \"type\": \"TextBlock\",\n              \"text\": \"${status}\",\n              \"color\": \"${status_color}\",\n              \"spacing\": \"None\",\n              \"size\": \"Small\",\n              \"weight\": \"Bolder\",\n              \"wrap\": true\n            }\n          ],\n          \"spacing\": \"Small\"\n        },\n        {\n          \"type\": \"Column\",\n          \"width\": \"auto\",\n          \"separator\": true,\n          \"items\": [\n            {\n              \"type\": \"TextBlock\",\n              \"text\": \"Margem\",\n              \"size\": \"Small\",\n              \"isSubtle\": true,\n              \"wrap\": true\n            },\n            {\n              \"type\": \"TextBlock\",\n              \"text\": \"${margem}\",\n              \"wrap\": true,\n              \"weight\": \"Bolder\",\n              \"spacing\": \"None\",\n              \"size\": \"Small\"\n            }\n          ]\n        }\n      ]\n    },\n    {\n      \"type\": \"FactSet\",\n      \"separator\": true,\n      \"spacing\": \"Medium\",\n      \"facts\": [\n        {\n          \"title\": \"Cliente:\",\n          \"value\": \"${cliente}\"\n        },\n        {\n          \"title\": \"Valor:\",\n          \"value\": \"${valor}\"\n        },\n        {\n          \"title\": \"Mercado:\",\n          \"value\": \"${mercado}\"\n        },\n        {\n          \"title\": \"Semana:\",\n          \"value\": \"${semana}\"\n        },\n        {\n          \"title\": \"Budget:\",\n          \"value\": \"${budget_alocado}h alocadas | ${budget_consumido}h consumidas (${budget_percentual}%)\"\n        }\n      ]\n    },\n    {\n      \"type\": \"ColumnSet\",\n      \"separator\": true,\n      \"spacing\": \"Medium\",\n      \"columns\": [\n        {\n          \"type\": \"Column\",\n          \"width\": \"auto\",\n          \"verticalContentAlignment\": \"Center\",\n          \"items\": [\n            {\n              \"type\": \"Image\",\n              \"url\": \"${arquiteto_foto}\",\n              \"style\": \"Person\",\n              \"size\": \"Small\"\n            }\n          ]\n        },\n        {\n          \"type\": \"Column\",\n          \"width\": \"stretch\",\n          \"items\": [\n            {\n              \"type\": \"TextBlock\",\n              \"text\": \"${arquiteto}\",\n              \"wrap\": true,\n              \"weight\": \"Bolder\"\n            },\n            {\n              \"type\": \"TextBlock\",\n              \"text\": \"Arquiteto Responsável\",\n              \"wrap\": true,\n              \"spacing\": \"None\",\n              \"size\": \"Small\",\n              \"isSubtle\": true\n            }\n          ],\n          \"verticalContentAlignment\": \"Center\",\n          \"spacing\": \"Small\"\n        }\n      ]\n    },\n    {\n      \"type\": \"Container\",\n      \"separator\": true,\n      \"spacing\": \"Large\",\n      \"style\": \"emphasis\",\n      \"items\": [\n        {\n          \"type\": \"TextBlock\",\n          \"text\": \"📝 Status Report Semanal\",\n          \"weight\": \"Bolder\",\n          \"size\": \"Medium\",\n          \"color\": \"Accent\"\n        },\n        {\n          \"type\": \"TextBlock\",\n          \"text\": \"Por favor, atualize o status desta oferta:\",\n          \"wrap\": true,\n          \"size\": \"Small\",\n          \"isSubtle\": true\n        },\n        {\n          \"type\": \"Input.ChoiceSet\",\n          \"id\": \"status_projeto\",\n          \"label\": \"🚦 Status do Projeto\",\n          \"style\": \"expanded\",\n          \"isRequired\": true,\n          \"errorMessage\": \"Selecione o status do projeto\",\n          \"choices\": [\n            {\n              \"title\": \"🟢 Verde - Sem problemas\",\n              \"value\": \"Verde\"\n            },\n            {\n              \"title\": \"🟡 Amarelo - Atenção necessária\",\n              \"value\": \"Amarelo\"\n            },\n            {\n              \"title\": \"🔴 Vermelho - Crítico (requer observação)\",\n              \"value\": \"Vermelho\"\n            }\n          ]\n        },\n        {\n          \"type\": \"Input.ChoiceSet\",\n          \"id\": \"status_atual\",\n          \"label\": \"Status Atual da Oferta\",\n          \"style\": \"compact\",\n          \"isRequired\": true,\n          \"errorMessage\": \"Selecione o status\",\n          \"choices\": [\n            {\n              \"title\": \"🔵 Em Análise\",\n              \"value\": \"em_analise\"\n            },\n            {\n              \"title\": \"🛠️ Em Desenvolvimento\",\n              \"value\": \"em_desenvolvimento\"\n            },\n            {\n              \"title\": \"📤 Proposta Enviada\",\n              \"value\": \"enviada\"\n            },\n            {\n              \"title\": \"🤝 Em Negociação\",\n              \"value\": \"negociacao\"\n            },\n            {\n              \"title\": \"✅ Ganha (WON)\",\n              \"value\": \"won\"\n            },\n            {\n              \"title\": \"❌ Perdida (LOST)\",\n              \"value\": \"lost\"\n            },\n            {\n              \"title\": \"⏸️ Pausada\",\n              \"value\": \"pausada\"\n            }\n          ]\n        },\n        {\n          \"type\": \"Input.ChoiceSet\",\n          \"id\": \"probabilidade_ganho\",\n          \"label\": \"Probabilidade de Ganho\",\n          \"style\": \"expanded\",\n          \"choices\": [\n            {\n              \"title\": \"25%\",\n              \"value\": \"25\"\n            },\n            {\n              \"title\": \"50%\",\n              \"value\": \"50\"\n            },\n            {\n              \"title\": \"75%\",\n              \"value\": \"75\"\n            },\n            {\n              \"title\": \"100%\",\n              \"value\": \"100\"\n            }\n          ]\n        },\n        {\n          \"type\": \"Input.Toggle\",\n          \"id\": \"reuniao_cliente\",\n          \"title\": \"Houve reunião com cliente esta semana?\",\n          \"value\": \"false\",\n          \"valueOn\": \"true\",\n          \"valueOff\": \"false\"\n        },\n        {\n          \"type\": \"Input.Toggle\",\n          \"id\": \"proposta_atualizada\",\n          \"title\": \"Proposta foi atualizada esta semana?\",\n          \"value\": \"false\",\n          \"valueOn\": \"true\",\n          \"valueOff\": \"false\"\n        },\n        {\n          \"type\": \"Input.Toggle\",\n          \"id\": \"bloqueio_existente\",\n          \"title\": \"Existe algum bloqueio ou impedimento?\",\n          \"value\": \"false\",\n          \"valueOn\": \"true\",\n          \"valueOff\": \"false\"\n        },\n        {\n          \"type\": \"Input.Date\",\n          \"id\": \"previsao_fechamento\",\n          \"label\": \"📅 Previsão de Fechamento\"\n        },\n        {\n          \"type\": \"Input.Number\",\n          \"id\": \"budget_consumido_percentual\",\n          \"label\": \"% Budget Consumido (estimado)\",\n          \"placeholder\": \"Ex: 45\",\n          \"min\": 0,\n          \"max\": 100\n        },\n        {\n          \"type\": \"Input.Text\",\n          \"id\": \"observacoes\",\n          \"label\": \"⚠️ Observações (OBRIGATÓRIO se status Vermelho)\",\n          \"placeholder\": \"Descreva a situação, riscos, ou justificativas...\",\n          \"isMultiline\": true,\n          \"maxLength\": 1000\n        }\n      ]\n    }\n  ],\n  \"actions\": [\n    {\n      \"type\": \"Action.Submit\",\n      \"title\": \"📤 Enviar Status Report\",\n      \"style\": \"positive\",\n      \"data\": {\n        \"action\": \"submit_status\",\n        \"jirakey\": \"${jirakey}\",\n        \"oferta_id\": \"${oferta_id}\",\n        \"semana\": \"${semana}\",\n        \"arquiteto_email\": \"${arquiteto_email}\"\n      }\n    }\n  ],\n  \"msteams\": {\n    \"width\": \"Full\"\n  }\n}\n","CardTypeId":"status_report_v2"}}}},"actions":{"Compor_Dados":{"runAfter":{},"type":"Compose","inputs":"@triggerBody()?['data']"},"Validar_rfp_relacionada_se_rfi_rfq":{"runAfter":{"Compor_Dados":["Succeeded"]},"type":"If","expression":{"and":[{"or":[{"equals":["@toLower(trim(coalesce(outputs('Compor_Dados')?['tipo_demanda'], '')))","rfi"]},{"equals":["@toLower(trim(coalesce(outputs('Compor_Dados')?['tipo_demanda'], '')))","rfq"]}]},{"equals":["@trim(coalesce(outputs('Compor_Dados')?['rfp_relacionada'], ''))",""]}]},"actions":{"Postar_mensagem_validacao_rfp":{"runAfter":{},"type":"OpenApiConnection","inputs":{"parameters":{"poster":"Flow bot","location":"Chat with Flow bot","body/recipient":"@triggerBody()?['responder']","body/messageBody":"<p class=\"editor-paragraph\">⚠️ Validação do Status Report</p><p class=\"editor-paragraph\">Você selecionou <b>RFI/RFQ</b>, então o campo <b>RFP relacionada</b> é obrigatório.</p><p class=\"editor-paragraph\">Por favor, reabra o card e informe a RFP (chave JIRA/link/ID) para manter o vínculo do funil.</p>"},"host":{"apiId":"/providers/Microsoft.PowerApps/apis/shared_teams","connectionName":"shared_teams","operationId":"PostMessageToConversation"},"authentication":"@parameters('$authentication')"}},"Encerrar_sem_persistir_rfp":{"runAfter":{"Postar_mensagem_validacao_rfp":["Succeeded"]},"type":"Terminate","inputs":{"runStatus":"Succeeded"}}},"else":{"actions":{}}},"Validar_observacoes_se_vermelho":{"runAfter":{"Validar_rfp_relacionada_se_rfi_rfq":["Succeeded"]},"type":"If","expression":{"and":[{"equals":["@toLower(trim(coalesce(outputs('Compor_Dados')?['status_projeto'], '')))","vermelho"]},{"equals":["@trim(coalesce(outputs('Compor_Dados')?['observacoes'], ''))",""]}]},"actions":{"Postar_mensagem_validacao":{"runAfter":{},"type":"OpenApiConnection","inputs":{"parameters":{"poster":"Flow bot","location":"Chat with Flow bot","body/recipient":"@triggerBody()?['responder']","body/messageBody":"<p class=\"editor-paragraph\">⚠️ Validação do Status Report</p><p class=\"editor-paragraph\">Você selecionou <b>Vermelho</b>, então o campo <b>Observações</b> é obrigatório.</p><p class=\"editor-paragraph\">Por favor, reabra o card e envie novamente com a observação preenchida.</p>"},"host":{"apiId":"/providers/Microsoft.PowerApps/apis/shared_teams","connectionName":"shared_teams","operationId":"PostMessageToConversation"},"authentication":"@parameters('$authentication')"}},"Encerrar_sem_persistir":{"runAfter":{"Postar_mensagem_validacao":["Succeeded"]},"type":"Terminate","inputs":{"runStatus":"Succeeded"}}},"else":{"actions":{"Criar_item_StatusReports_Historico":{"runAfter":{},"type":"OpenApiConnection","inputs":{"parameters":{"dataset":"https://indra365.sharepoint.com/sites/Grp_T_DN_Arquitetura_Solucoes_Multi_Praticas_QA","table":"f58b3d23-5750-4b29-b30f-a7b5421cdd80","item/Title":"@trim(coalesce(outputs('Compor_Dados')?['oferta_titulo'], outputs('Compor_Dados')?['jirakey'], ''))","item/RespostaJSON":"@string(triggerBody())"},"host":{"apiId":"/providers/Microsoft.PowerApps/apis/shared_sharepointonline","connectionName":"shared_sharepointonline","operationId":"PostItem"},"authentication":"@parameters('$authentication')"}},"Criar_item_Legacy":{"runAfter":{"Criar_item_StatusReports_Historico":["Succeeded"]},"type":"OpenApiConnection","inputs":{"parameters":{"dataset":"https://indra365.sharepoint.com/sites/Grp_T_DN_Arquitetura_Solucoes_Multi_Praticas_QA","table":"172d7d29-5a3c-4608-b4ea-b5b027ef5ac0","item/Title":"@trim(coalesce(outputs('Compor_Dados')?['oferta_titulo'], outputs('Compor_Dados')?['jirakey'], ''))","item/NomeArquiteto":"@trim(coalesce(outputs('Compor_Dados')?['arquiteto_nome'], ''))","item/Email":"@toLower(trim(coalesce(triggerBody()?['responder'], outputs('Compor_Dados')?['arquiteto_email'], '')))","item/DataResposta":"@convertTimeZone(utcNow(),'UTC','E. South America Standard Time')","item/Oferta":"@trim(coalesce(outputs('Compor_Dados')?['oferta_titulo'], outputs('Compor_Dados')?['jirakey'], ''))","item/StatusRAG/Value":"@trim(coalesce(outputs('Compor_Dados')?['status_projeto'], ''))","item/FaseAtual":"@trim(coalesce(outputs('Compor_Dados')?['status_atual'], ''))","item/ProximosPassos":"@concat('Reunião cliente: ', if(equals(coalesce(outputs('Compor_Dados')?['reuniao_cliente'],'false'),'true'),'Sim','Não'),' | Proposta atualizada: ', if(equals(coalesce(outputs('Compor_Dados')?['proposta_atualizada'],'false'),'true'),'Sim','Não'),' | Previsão fechamento: ', coalesce(outputs('Compor_Dados')?['previsao_fechamento'],'-'))","item/Impedimentos":"@if(equals(coalesce(outputs('Compor_Dados')?['bloqueio_existente'],'false'),'true'),'Sim','Não')","item/Comentarios":"@trim(coalesce(outputs('Compor_Dados')?['observacoes'], ''))"},"host":{"apiId":"/providers/Microsoft.PowerApps/apis/shared_sharepointonline","connectionName":"shared_sharepointonline","operationId":"PostItem"},"authentication":"@parameters('$authentication')"}},"Atualizar_estado_se_semana_atual":{"runAfter":{"Criar_item_Legacy":["Succeeded"]},"type":"If","expression":{"equals":["@trim(coalesce(outputs('Compor_Dados')?['semana'], ''))","@concat(string(add(div(sub(dayOfYear(addDays(convertTimeZone(utcNow(),'UTC','E. South America Standard Time'), sub(4, if(equals(dayOfWeek(convertTimeZone(utcNow(),'UTC','E. South America Standard Time')),0),7,dayOfWeek(convertTimeZone(utcNow(),'UTC','E. South America Standard Time')))))),1),7),1)),'/',formatDateTime(addDays(convertTimeZone(utcNow(),'UTC','E. South America Standard Time'), sub(4, if(equals(dayOfWeek(convertTimeZone(utcNow(),'UTC','E. South America Standard Time')),0),7,dayOfWeek(convertTimeZone(utcNow(),'UTC','E. South America Standard Time'))))),'yyyy'))"]},"actions":{"Obter_item_Oferta_StatusReport":{"runAfter":{},"type":"OpenApiConnection","inputs":{"parameters":{"dataset":"https://indra365.sharepoint.com/sites/Grp_T_DN_Arquitetura_Solucoes_Multi_Praticas_QA","table":"6db5a12d-595d-4a1a-aca1-035837613815","$filter":"@concat('ID eq ', string(int(coalesce(outputs('Compor_Dados')?['oferta_id'], '0'))))","$top":1},"host":{"apiId":"/providers/Microsoft.PowerApps/apis/shared_sharepointonline","connectionName":"shared_sharepointonline","operationId":"GetItems"},"authentication":"@parameters('$authentication')"}},"Atualizar_item_Oferta_StatusReport":{"runAfter":{"Obter_item_Oferta_StatusReport":["Succeeded"]},"type":"OpenApiConnection","inputs":{"parameters":{"dataset":"https://indra365.sharepoint.com/sites/Grp_T_DN_Arquitetura_Solucoes_Multi_Praticas_QA","table":"6db5a12d-595d-4a1a-aca1-035837613815","id":"@int(coalesce(outputs('Compor_Dados')?['oferta_id'], '0'))","item/StatusReportEnviado":true,"item/DataUltimoReport":"@utcNow()","item/SemanaReport":"@string(coalesce(outputs('Compor_Dados')?['semana'], ''))","item/VersaoReport":"@if(greater(int(coalesce(first(body('Obter_item_Oferta_StatusReport')?['value'])?['VersaoReport'], 0)), int(coalesce(outputs('Compor_Dados')?['versao_report'], string(if(equals(dayOfWeek(convertTimeZone(utcNow(),'UTC','E. South America Standard Time')),5),2,1))))), int(coalesce(first(body('Obter_item_Oferta_StatusReport')?['value'])?['VersaoReport'], 0)), int(coalesce(outputs('Compor_Dados')?['versao_report'], string(if(equals(dayOfWeek(convertTimeZone(utcNow(),'UTC','E. South America Standard Time')),5),2,1)))))","item/Est_x002e_BudgetInicio":"@if(equals(first(body('Obter_item_Oferta_StatusReport')?['value'])?['Est_x002e_BudgetInicio'], null), 0, first(body('Obter_item_Oferta_StatusReport')?['value'])?['Est_x002e_BudgetInicio'])"},"host":{"apiId":"/providers/Microsoft.PowerApps/apis/shared_sharepointonline","connectionName":"shared_sharepointonline","operationId":"PatchItem"},"authentication":"@parameters('$authentication')"}}},"else":{"actions":{}}}}}}},"outputs":{}},"connectionReferences":{"shared_teams":{"connectionName":"106db2ea6a3e4d44aeadb5275eb0adc1","source":"Invoker","id":"/providers/Microsoft.PowerApps/apis/shared_teams","tier":"NotSpecified","apiName":"teams","isProcessSimpleApiReferenceConversionAlreadyDone":false},"shared_sharepointonline":{"connectionName":"79ccebc9fde7483684c5d58d10307b70","source":"Embedded","id":"/providers/Microsoft.PowerApps/apis/shared_sharepointonline","tier":"NotSpecified","apiName":"sharepointonline","isProcessSimpleApiReferenceConversionAlreadyDone":false}},"flowFailureAlertSubscribed":false,"isManaged":false}}